strain	enterobacterales__species__species	enterobacterales__species__species_match	general__contig_stats__contig_count	general__contig_stats__N50	general__contig_stats__largest_contig	general__contig_stats__total_size	general__contig_stats__ambiguous_bases	general__contig_stats__QC_warnings	klebsiella_pneumo_complex__mlst__ST	klebsiella_pneumo_complex__mlst__gapA	klebsiella_pneumo_complex__mlst__infB	klebsiella_pneumo_complex__mlst__mdh	klebsiella_pneumo_complex__mlst__pgi	klebsiella_pneumo_complex__mlst__phoE	klebsiella_pneumo_complex__mlst__rpoB	klebsiella_pneumo_complex__mlst__tonB	klebsiella__ybst__YbST	klebsiella__ybst__Yersiniabactin	klebsiella__ybst__ybtS	klebsiella__ybst__ybtX	klebsiella__ybst__ybtQ	klebsiella__ybst__ybtP	klebsiella__ybst__ybtA	klebsiella__ybst__irp2	klebsiella__ybst__irp1	klebsiella__ybst__ybtU	klebsiella__ybst__ybtT	klebsiella__ybst__ybtE	klebsiella__ybst__fyuA	klebsiella__ybst__spurious_ybt_hits	klebsiella__cbst__CbST	klebsiella__cbst__Colibactin	klebsiella__cbst__clbA	klebsiella__cbst__clbB	klebsiella__cbst__clbC	klebsiella__cbst__clbD	klebsiella__cbst__clbE	klebsiella__cbst__clbF	klebsiella__cbst__clbG	klebsiella__cbst__clbH	klebsiella__cbst__clbI	klebsiella__cbst__clbL	klebsiella__cbst__clbM	klebsiella__cbst__clbN	klebsiella__cbst__clbO	klebsiella__cbst__clbP	klebsiella__cbst__clbQ	klebsiella__cbst__spurious_clb_hits	klebsiella__abst__AbST	klebsiella__abst__Aerobactin	klebsiella__abst__iucA	klebsiella__abst__iucB	klebsiella__abst__iucC	klebsiella__abst__iucD	klebsiella__abst__iutA	klebsiella__abst__spurious_abst_hits	klebsiella__smst__SmST	klebsiella__smst__Salmochelin	klebsiella__smst__iroB	klebsiella__smst__iroC	klebsiella__smst__iroD	klebsiella__smst__iroN	klebsiella__smst__spurious_smst_hits	klebsiella__rmst__RmST	klebsiella__rmst__RmpADC	klebsiella__rmst__rmpA	klebsiella__rmst__rmpD	klebsiella__rmst__rmpC	klebsiella__rmst__spurious_rmst_hits	klebsiella_pneumo_complex__virulence_score__virulence_score	klebsiella_pneumo_complex__virulence_score__spurious_virulence_hits	klebsiella__rmpa2__rmpA2	klebsiella_pneumo_complex__amr__AGly_acquired	klebsiella_pneumo_complex__amr__Col_acquired	klebsiella_pneumo_complex__amr__Fcyn_acquired	klebsiella_pneumo_complex__amr__Flq_acquired	klebsiella_pneumo_complex__amr__Gly_acquired	klebsiella_pneumo_complex__amr__MLS_acquired	klebsiella_pneumo_complex__amr__Phe_acquired	klebsiella_pneumo_complex__amr__Rif_acquired	klebsiella_pneumo_complex__amr__Sul_acquired	klebsiella_pneumo_complex__amr__Tet_acquired	klebsiella_pneumo_complex__amr__Tgc_acquired	klebsiella_pneumo_complex__amr__Tmt_acquired	klebsiella_pneumo_complex__amr__Bla_acquired	klebsiella_pneumo_complex__amr__Bla_inhR_acquired	klebsiella_pneumo_complex__amr__Bla_ESBL_acquired	klebsiella_pneumo_complex__amr__Bla_ESBL_inhR_acquired	klebsiella_pneumo_complex__amr__Bla_Carb_acquired	klebsiella_pneumo_complex__amr__Bla_chr	klebsiella_pneumo_complex__amr__SHV_mutations	klebsiella_pneumo_complex__amr__Omp_mutations	klebsiella_pneumo_complex__amr__Col_mutations	klebsiella_pneumo_complex__amr__Flq_mutations	klebsiella_pneumo_complex__amr__truncated_resistance_hits	klebsiella_pneumo_complex__amr__spurious_resistance_hits	klebsiella_pneumo_complex__resistance_score__resistance_score	klebsiella_pneumo_complex__resistance_class_count__num_resistance_classes	klebsiella_pneumo_complex__resistance_gene_count__num_resistance_genes	klebsiella_pneumo_complex__cipro_prediction__Ciprofloxacin_prediction	klebsiella_pneumo_complex__cipro_prediction__Ciprofloxacin_profile_support	klebsiella_pneumo_complex__cipro_prediction__Ciprofloxacin_profile	klebsiella_pneumo_complex__cipro_prediction__Ciprofloxacin_MIC_prediction	klebsiella_pneumo_complex__wzi__wzi	klebsiella_pneumo_complex__kaptive__K_locus	klebsiella_pneumo_complex__kaptive__K_type	klebsiella_pneumo_complex__kaptive__K_locus_confidence	klebsiella_pneumo_complex__kaptive__K_locus_problems	klebsiella_pneumo_complex__kaptive__K_locus_identity	klebsiella_pneumo_complex__kaptive__K_Missing_expected_genes	klebsiella_pneumo_complex__kaptive__O_locus	klebsiella_pneumo_complex__kaptive__O_type	klebsiella_pneumo_complex__kaptive__O_locus_confidence	klebsiella_pneumo_complex__kaptive__O_locus_problems	klebsiella_pneumo_complex__kaptive__O_locus_identity	klebsiella_pneumo_complex__kaptive__O_Missing_expected_genes
EuSCAPE_AT022	Klebsiella pneumoniae	strong	2	5351865	5351865	5519660	no	-	ST258	3	3	1	1	1	1	79	299-1LV	ybt 13; ICEKp2 (truncated)	6	4	20	14	1	126*-36%	131	2	4	52	2	-	0	-	-	-	-	-	-	-	-	-	-	-	-	-	-	-	-	-	0	-	-	-	-	-	-	-	0	-	-	-	-	-	-	0	-	-	-	-	-	1	-	-	aph3-Ia.v1^	-	-	-	-	-	-	-	-	-	-	-	-	-	-	-	KPC-2	SHV-11	SHV:p.Leu35Gln	OmpK35:p.Glu42fs	-	GyrA:p.Ser83Ile;ParC:p.Ser80Ile	-	-	2	3	2	nonwildtype R	99.21% R (N=2147/2167)	>1 QRDR, 0 PMQR, * aac(6`)-Ib-cr	2 mg/L [2-4]	wzi29	KL106	unknown (KL106)	Typeable	+!	100.00%	-	OL2α.2	O2β	Typeable	-	99.17%	-
EuSCAPE_AT023	Klebsiella pneumoniae	strong	10	5339065	5339065	5711805	no	-	ST11	3	3	1	1	1	1	4	183	ybt 9; ICEKp3	5	11	6	5	1	25	37	9	5	5	11	-	0	-	-	-	-	-	-	-	-	-	-	-	-	-	-	-	-	-	0	-	-	-	-	-	-	-	0	-	-	-	-	-	-	0	-	-	-	-	-	1	-	-	aac(3)-IIa.v1^;rmtF;aadA2^;aac(6')-Ib-cr.v2;aac(6')-Ib	-	-	aac(6')-Ib-cr.v2	-	Mrx;mphA	-	arr-2	sul1	-	-	dfrA12	OXA-1	-	CTX-M-15	-	NDM-1	SHV-11	SHV:p.Leu35Gln	OmpK36:p.Ser124fs	-	GyrA:p.Ser83Ile;ParC:p.Ser80Ile	-	catB3.v1?-70%	2	9	14	nonwildtype R	99.21% R (N=2147/2167)	>1 QRDR, 0 PMQR, * aac(6`)-Ib-cr	2 mg/L [2-4]	wzi50	KL15	K15	Typeable	-	99.92%	-	OL4	O4	Typeable	!	99.45%	-
EuSCAPE_AT027	Klebsiella pneumoniae	strong	8	5337444	5337444	5594015	no	-	ST258	3	3	1	1	1	1	79	0	-	-	-	-	-	-	-	-	-	-	-	-	-	0	-	-	-	-	-	-	-	-	-	-	-	-	-	-	-	-	-	0	-	-	-	-	-	-	-	0	-	-	-	-	-	-	0	-	-	-	-	-	0	-	-	aph3-Ia.v1^;aadA2^;aac(6')-Ib'.v1;aac(6')-Ib'.v1	-	-	-	-	Mrx;mphA	catA1^	-	sul1	-	-	dfrA12	-	-	-	-	KPC-3	SHV-11	SHV:p.Leu35Gln	OmpK36:p.134_135insGlyAsp;OmpK35:p.Glu42fs	-	GyrA:p.Ser83Ile;ParC:p.Ser80Ile	-	-	2	7	10	nonwildtype R	99.21% R (N=2147/2167)	>1 QRDR, 0 PMQR, * aac(6`)-Ib-cr	2 mg/L [2-4]	wzi154	KL107	unknown (KL107)	Typeable	-	99.99%	-	OL2α.2	O2β	Typeable	-	99.17%	-
EuSCAPE_BE078	Klebsiella pneumoniae	strong	11	3996060	3996060	5560309	no	-	ST788	2	4	2	1	7	1	12	294	ybt 16; ICEKp12	6	15	5	4	11	286	304	2	11	4	2	-	0	-	-	-	-	-	-	-	-	-	-	-	-	-	-	-	-	-	0	-	-	-	-	-	-	-	0	-	-	-	-	-	-	0	-	-	-	-	-	1	-	-	-	-	-	-	-	-	-	-	-	-	-	-	-	SHV-52	-	-	OXA-48	-	SHV:p.Leu35Gln;SHV:p.Met69Ile	-	-	-	-	fosA7.5*?-0%	2	2	2	wildtype S	90.99% S (N=5168/5680)	0^ QRDR, 0 PMQR, 0 aac(6`)-Ib-cr	0.25 mg/L [0.25-0.25]	wzi219	KL25	K25	Typeable	!	99.71%	-	OL5	O5	Typeable	-	98.30%	-
EuSCAPE_BE091	Klebsiella pneumoniae	strong	4	5389642	5389642	5653584	no	-	ST512	54	3	1	1	1	1	79	0	-	-	-	-	-	-	-	-	-	-	-	-	-	0	-	-	-	-	-	-	-	-	-	-	-	-	-	-	-	-	-	0	-	-	-	-	-	-	-	0	-	-	-	-	-	-	0	-	-	-	-	-	0	-	-	aadA2;aac(6')-Ib'.v1	-	-	-	-	-	-	-	sul1	-	-	-	-	-	-	-	KPC-3	SHV-11	SHV:p.Leu35Gln	OmpK36:p.134_135insGlyAsp;OmpK35:p.Glu42fs	-	GyrA:p.Ser83Ile;ParC:p.Ser80Ile	-	-	2	4	4	nonwildtype R	99.21% R (N=2147/2167)	>1 QRDR, 0 PMQR, * aac(6`)-Ib-cr	2 mg/L [2-4]	wzi154	KL107	unknown (KL107)	Typeable	-	99.99%	-	OL2α.2	O2β	Typeable	-	99.17%	-
EuSCAPE_BE092	Klebsiella pneumoniae	strong	13	5433120	5433120	5820605	no	-	ST258	3	3	1	1	1	1	79	299	ybt 13; ICEKp2	6	4	20	14	1	126	131	2	4	52	2	-	0	-	-	-	-	-	-	-	-	-	-	-	-	-	-	-	-	-	0	-	-	-	-	-	-	-	0	-	-	-	-	-	-	0	-	-	-	-	-	1	-	-	aac(3)-IId^;strB.v1;aph3-Ia.v1^;strA.v1^;rmtB;aac(6')-Ib'.v1;aac(6')-Ib-cr.v2*	-	-	aac(6')-Ib-cr.v2*	-	Mrx;mphA	catB3.v2	arr-3	sul1;sul2	-	-	-	OXA-1	-	CTX-M-14;SHV-12	-	KPC-2	-	SHV:p.Leu35Gln;SHV:p.Gly238Ser;SHV:p.Glu240Lys	OmpK35:p.Glu42fs	-	GyrA:p.Ser83Ile;ParC:p.Ser80Ile	-	-	2	10	20	nonwildtype R	99.21% R (N=2147/2167)	>1 QRDR, 0 PMQR, * aac(6`)-Ib-cr	2 mg/L [2-4]	wzi29	KL106	unknown (KL106)	Typeable	+!	100.00%	-	OL2α.2	O2β	Typeable	-	99.13%	-
EuSCAPE_BE098	Klebsiella pneumoniae	strong	6	5298328	5298328	5701579	no	-	ST512	54	3	1	1	1	1	79	0	-	-	-	-	-	-	-	-	-	-	-	-	-	0	-	-	-	-	-	-	-	-	-	-	-	-	-	-	-	-	-	0	-	-	-	-	-	-	-	0	-	-	-	-	-	-	0	-	-	-	-	-	0	-	-	aph3-Ia.v1^;aadA2;aadA2^;aac(6')-Ib'.v1	-	-	-	-	Mrx;mphA	catA1^	-	sul1;sul1	-	-	dfrA12	-	-	-	-	KPC-3	SHV-11;SHV-11	SHV:p.Leu35Gln;SHV:p.Leu35Gln	OmpK36:p.134_135insGlyAsp;OmpK35:p.Glu42fs	-	GyrA:p.Ser83Ile;ParC:p.Ser80Ile	OXA-9.v1*-42%	-	2	8	12	nonwildtype R	99.21% R (N=2147/2167)	>1 QRDR, 0 PMQR, * aac(6`)-Ib-cr	2 mg/L [2-4]	wzi154	KL107	unknown (KL107)	Typeable	-	99.99%	-	OL2α.2	O2β	Typeable	-	99.17%	-
EuSCAPE_CZ007	Klebsiella pneumoniae	strong	16	3439770	3439770	5677832	no	-	ST11	3	3	1	1	1	1	4	183	ybt 9; ICEKp3	5	11	6	5	1	25	37	9	5	5	11	-	0	-	-	-	-	-	-	-	-	-	-	-	-	-	-	-	-	-	0	-	-	-	-	-	-	-	0	-	-	-	-	-	-	0	-	-	-	-	-	1	-	-	rmtF;aac(6')-Ib	-	-	qnrS2	-	Mrx;mphA	-	arr-2;arr-2	-	-	-	-	-	-	-	-	NDM-1	SHV-11	SHV:p.Leu35Gln	-	-	GyrA:p.Ser83Ile;ParC:p.Ser80Ile	-	-	2	5	8	nonwildtype R	99.22% R (N=2424/2443)	>0 QRDR, >0 PMQR, * aac(6`)-Ib-cr	4 mg/L [4-4]	wzi50	KL15	K15	Typeable	-	99.92%	-	OL4	O4	Typeable	-	99.49%	-
EuSCAPE_DE016	Klebsiella pneumoniae	strong	6	5324621	5324621	5649001	no	-	ST258	3	3	1	1	1	1	79	0	-	-	-	-	-	-	-	-	-	-	-	-	-	0	-	-	-	-	-	-	-	-	-	-	-	-	-	-	-	-	-	0	-	-	-	-	-	-	-	0	-	-	-	-	-	-	0	-	-	-	-	-	0	-	-	aph3-Ia.v1^;aadA2^;aac(6')-Ib'.v1	-	-	-	-	Mrx;mphA	catA1^	-	sul1	-	-	dfrA12	-	-	SHV-12	-	KPC-2	SHV-11	SHV:p.Leu35Gln;SHV:p.Leu35Gln;SHV:p.Gly238Ser;SHV:p.Glu240Lys	OmpK35:p.Glu42fs	mgrb:p.Val32fs	GyrA:p.Ser83Ile;ParC:p.Ser80Ile	-	-	3	9	10	nonwildtype R	99.21% R (N=2147/2167)	>1 QRDR, 0 PMQR, * aac(6`)-Ib-cr	2 mg/L [2-4]	wzi29	KL106	Capsule null	Typeable	+!	100.00%	-	OL2α.2	O2β	Typeable	-	99.13%	-
EuSCAPE_DE019	Klebsiella pneumoniae	strong	7	5287228	5287228	5525352	no	-	ST11	3	3	1	1	1	1	4	183	ybt 9; ICEKp3	5	11	6	5	1	25	37	9	5	5	11	-	0	-	-	-	-	-	-	-	-	-	-	-	-	-	-	-	-	-	0	-	-	-	-	-	-	-	0	-	-	-	-	-	-	0	-	-	-	-	-	1	-	-	aph3-Ia.v1^;rmtF;aadA2^;aac(6')-Ib	-	-	qnrB1.v1	-	Mrx;mphA	-	arr-2	sul1	-	-	dfrA12	-	-	CTX-M-15	-	NDM-1	SHV-11	SHV:p.Leu35Gln	-	-	GyrA:p.Ser83Ile;ParC:p.Ser80Ile	-	-	2	8	12	nonwildtype R	99.22% R (N=2424/2443)	>0 QRDR, >0 PMQR, * aac(6`)-Ib-cr	4 mg/L [4-4]	wzi50	KL15	K15	Typeable	-	99.92%	-	OL4	O4	Typeable	-	99.49%	-
EuSCAPE_DE024	Klebsiella pneumoniae	strong	9	5346416	5346416	5769969	no	-	ST147	3	4	6	1	7	4	38	0	-	-	-	-	-	-	-	-	-	-	-	-	-	0	-	-	-	-	-	-	-	-	-	-	-	-	-	-	-	-	-	0	-	-	-	-	-	-	-	0	-	-	-	-	-	-	0	-	-	-	-	-	0	-	-	-	-	-	-	-	-	-	-	-	-	-	-	-	-	-	-	KPC-2	SHV-11^	SHV:p.Leu35Gln	OmpK36:p.134_135insGlyAsp;OmpK35:p.Gln172fs	mgrb:p.Lys3fs	GyrA:p.Ser83Ile;GyrA:p.Asp87Asn;ParC:p.Ser80Ile	-	-	3	3	1	nonwildtype R	99.21% R (N=2147/2167)	>1 QRDR, 0 PMQR, * aac(6`)-Ib-cr	2 mg/L [2-4]	wzi64	KL64	K64	Typeable	!	100.00%	-	OL2α.1	O2α	Typeable	-	99.03%	-
EuSCAPE_DE072	Klebsiella pneumoniae	strong	8	5229245	5229245	5540108	no	-	ST36	2	1	2	1	7	1	7	0	-	-	-	-	-	-	-	-	-	-	-	-	-	0	-	-	-	-	-	-	-	-	-	-	-	-	-	-	-	-	-	0	-	-	-	-	-	-	-	0	-	-	-	-	-	-	0	-	-	-	-	-	0	-	-	aac(3)-IId^;aac(6')-Ib'.v1	-	-	qnrS1	-	-	-	-	sul1	tet(A).v1	-	dfrA1.v1	LAP-2	-	CTX-M-14	-	KPC-2	SHV-11^	SHV:p.Leu35Gln	-	-	-	-	-	2	8	9	nonwildtype R	77.47% R (N=423/546)	0 QRDR, 1^ PMQR, 0 aac(6`)-Ib-cr	1 mg/L [1-2]	wzi27	KL27	K27	Typeable	-	100.00%	-	OL2α.2	O2β	Typeable	-	99.11%	-
EuSCAPE_DE073	Klebsiella variicola subsp. variicola	strong	11	5561094	5561094	5897253	no	-	ST1848	16	24	162	38	47	57	67	0	-	-	-	-	-	-	-	-	-	-	-	-	-	0	-	-	-	-	-	-	-	-	-	-	-	-	-	-	-	-	-	61	iuc 5	45	24	33	35	61	-	0	-	-	-	-	-	-	0	-	-	-	-	-	3	-	-	aadA1.v1^;aac(6')-Ib-cr.v2	-	-	aac(6')-Ib-cr.v2	-	-	-	-	sul1	-	-	-	-	-	-	-	KPC-2	LEN-17^	-	OmpK36:p.Ala183fs	-	-	-	-	2	4	5	wildtype S	65.63% S (N=105/160)	0 QRDR, 0 PMQR, 1 aac(6`)-Ib-cr	0.25 mg/L [0.25-0.5]	-	KL183	Capsule null	Typeable	!	100.00%	-	OL10	O10	Typeable	!	98.97%	-
EuSCAPE_DE075	Klebsiella pneumoniae	strong	13	5309405	5309405	5665276	no	-	ST530	2	39	2	1	1	4	24	303-1LV	ybt 13; ICEKp2	6	4	20	61	1	253	299	2	76	4	2	-	0	-	-	-	-	-	-	-	-	-	-	-	-	-	-	-	-	-	0	-	-	-	-	-	-	-	0	-	-	-	-	-	-	0	-	-	-	-	-	1	-	-	strB.v1;strA.v1^	-	-	-	-	Mrx;mphA	-	-	sul2*	-	-	dfrA14.v2*	-	-	CTX-M-15	-	OXA-48	SHV-1^	-	-	-	-	-	-	2	7	9	wildtype S	90.99% S (N=5168/5680)	0^ QRDR, 0 PMQR, 0 aac(6`)-Ib-cr	0.25 mg/L [0.25-0.25]	wzi115	KL54	K54	Typeable	-	99.96%	-	OL2α.2	O1αβ,2β	Typeable	-	99.41%	-
EuSCAPE_ES046	Klebsiella pneumoniae	strong	6	5357401	5357401	5597624	no	-	ST11	3	3	1	1	1	1	4	112-1LV	ybt 10; ICEKp4	3	10	4	3	29	5	122	3	10	9	51	-	0	-	-	-	-	-	-	-	-	-	-	-	-	-	-	-	-	-	0	-	-	-	-	-	-	-	0	-	-	-	-	-	-	0	-	-	-	-	-	1	-	-	aph3-Ia.v1^;aadA2^;aac(6')-Ib-cr.v2	-	-	qnrB1.v1;aac(6')-Ib-cr.v2	-	Mrx;mphA	catA1^	-	sul1	-	-	dfrA12	OXA-1	-	CTX-M-15;CTX-M-15	-	OXA-48	SHV-11	SHV:p.Leu35Gln	OmpK36:p.Trp94fs	-	GyrA:p.Ser83Phe;GyrA:p.Asp87Ala;ParC:p.Ser80Ile	-	catB3.v1?-70%	2	9	14	nonwildtype R	99.22% R (N=2424/2443)	>0 QRDR, >0 PMQR, * aac(6`)-Ib-cr	4 mg/L [4-4]	wzi24	KL24	K24	Typeable	-	99.98%	-	OL2α.1	O2α	Typeable	-	99.19%	-
EuSCAPE_ES073	Klebsiella pneumoniae	strong	20	1144216	1452399	5638969	no	-	ST11	3	3	1	1	1	1	4	0	-	-	-	-	-	-	-	-	-	-	-	-	-	0	-	-	-	-	-	-	-	-	-	-	-	-	-	-	-	-	-	0	-	-	-	-	-	-	-	0	-	-	-	-	-	-	0	-	-	-	-	-	0	-	-	aph(3')-IIa;aadA2^	-	-	-	-	Mrx;mphA	catA1^	-	sul1	-	-	dfrA12	-	-	-	-	KPC-2	SHV-11	SHV:p.Leu35Gln	-	-	GyrA:p.Ser83Ile;ParC:p.Ser80Ile	-	TEM-150*?-0%	2	7	8	nonwildtype R	99.21% R (N=2147/2167)	>1 QRDR, 0 PMQR, * aac(6`)-Ib-cr	2 mg/L [2-4]	wzi243	KL13	K13	Typeable	-	99.58%	-	OL3γ	O3γ	Typeable	!	99.67%	-
EuSCAPE_ES085	Klebsiella pneumoniae	strong	8	4297817	4297817	5667971	no	-	ST11	3	3	1	1	1	1	4	0	-	-	-	-	-	-	-	-	-	-	-	-	-	0	-	-	-	-	-	-	-	-	-	-	-	-	-	-	-	-	-	0	-	-	-	-	-	-	-	0	-	-	-	-	-	-	0	-	-	-	-	-	0	-	-	aph(4)-Ia;aph(3')-IIa;aadA^;aadA2;aac(3)-IV;aadA2^	-	-	-	-	Mrx;mphA	cmlA1*;catA1^	-	sul1;sul3	-	-	dfrA12	-	-	-	-	KPC-2	SHV-11	SHV:p.Leu35Gln	-	-	GyrA:p.Ser83Ile;ParC:p.Ser80Ile	-	TEM-150*?-0%	2	7	14	nonwildtype R	99.21% R (N=2147/2167)	>1 QRDR, 0 PMQR, * aac(6`)-Ib-cr	2 mg/L [2-4]	wzi243	KL13	K13	Typeable	-	99.59%	-	OL3γ	O3γ	Typeable	!	99.67%	-
EuSCAPE_ES089	Klebsiella pneumoniae	strong	49	3317000	3317000	5768755	no	-	ST11	3	3	1	1	1	1	4	0	-	-	-	-	-	-	-	-	-	-	-	-	-	0	-	-	-	-	-	-	-	-	-	-	-	-	-	-	-	-	-	0	-	-	-	-	-	-	-	0	-	-	-	-	-	-	0	-	-	-	-	-	0	-	-	aac(3)-IIa.v1^;aph3-Ia.v1^;aadA2^;aac(6')-Ib-cr.v2	-	-	qnrB1.v1;aac(6')-Ib-cr.v2	-	Mrx;mphA	catA1^	-	sul1	-	-	dfrA12	OXA-1	-	CTX-M-15	-	KPC-2;OXA-48	SHV-11	SHV:p.Leu35Gln	-	-	GyrA:p.Ser83Phe;GyrA:p.Asp87Ala;ParC:p.Ser80Ile	CTX-M-15*-3%	TEM-150*?-0%;catB3.v1?-70%	2	9	15	nonwildtype R	99.22% R (N=2424/2443)	>0 QRDR, >0 PMQR, * aac(6`)-Ib-cr	4 mg/L [4-4]	wzi24	KL24	K24	Typeable	-	99.98%	-	OL2α.1	O2α	Typeable	-	99.19%	-
EuSCAPE_ES094	Klebsiella pneumoniae	strong	5	5251216	5251216	5787580	no	-	ST147	3	4	6	1	7	4	38	0	-	-	-	-	-	-	-	-	-	-	-	-	-	0	-	-	-	-	-	-	-	-	-	-	-	-	-	-	-	-	-	0	-	-	-	-	-	-	-	0	-	-	-	-	-	-	0	-	-	-	-	-	0	-	-	aadA1.v1^;aadA2;ant(2'')-Ia^	mcr-9.1*	-	qnrA1^	-	-	catA1*;catB2.v1	-	sul1;sul1;sul1	-	-	dfrA14.v2*;dfrB1	-	-	CTX-M-9	-	VIM-1	SHV-11^	SHV:p.Leu35Gln	OmpK36:p.Gly200fs	-	GyrA:p.Ser83Ile;ParC:p.Ser80Ile	tet(A).v1*-3%;aac(6')-Ib-cr4*-11%	-	3	8	14	nonwildtype R	99.22% R (N=2424/2443)	>0 QRDR, >0 PMQR, * aac(6`)-Ib-cr	4 mg/L [4-4]	wzi64	KL64	K64	Typeable	-	99.99%	-	OL2α.1	O2α	Typeable	-	98.98%	-
EuSCAPE_ES220	Klebsiella pneumoniae	strong	4	5381129	5381129	5875110	no	-	ST483	7	1	5	1	7	11	24	183	ybt 9; ICEKp3	5	11	6	5	1	25	37	9	5	5	11	-	0	-	-	-	-	-	-	-	-	-	-	-	-	-	-	-	-	-	0	-	-	-	-	-	-	-	0	-	-	-	-	-	-	0	-	-	-	-	-	1	-	-	aadA1.v1^	-	-	-	-	-	catA1^;catB2.v1	-	sul1	-	-	dfrB1	-	-	-	-	VIM-1	SHV-27	SHV:p.Gly156Asp	-	-	-	aac(6')-Ib-cr4*-11%	-	2	5	6	wildtype S	90.99% S (N=5168/5680)	0^ QRDR, 0 PMQR, 0 aac(6`)-Ib-cr	0.25 mg/L [0.25-0.25]	wzi346	KL110	unknown (KL110)	Typeable	-	99.51%	-	OL3γ	O3γ	Typeable	-	99.61%	-
EuSCAPE_ES291	Klebsiella pneumoniae	strong	19	5401890	5401890	5726668	no	-	ST258	3	3	1	1	1	1	79	0	-	-	-	-	-	-	-	-	-	-	-	-	-	0	-	-	-	-	-	-	-	-	-	-	-	-	-	-	-	-	-	0	-	-	-	-	-	-	-	0	-	-	-	-	-	-	0	-	-	-	-	-	0	-	-	aph3-Ia.v1^;aadA2^	-	-	-	-	Mrx;mphA	catA1^	-	sul1;sul1	-	-	dfrA12	-	-	-	-	KPC-3	SHV-11	SHV:p.Leu35Gln	OmpK35:p.Glu42fs	-	GyrA:p.Ser83Ile;ParC:p.Ser80Ile	OXA-9.v1*-42%	aac(6')-Ib-Hangzhou*?-0%	2	8	10	nonwildtype R	99.21% R (N=2147/2167)	>1 QRDR, 0 PMQR, * aac(6`)-Ib-cr	2 mg/L [2-4]	wzi154	KL107	unknown (KL107)	Typeable	-	99.99%	-	OL2α.2	O2β	Typeable	-	99.17%	-
EuSCAPE_FR056	Klebsiella pneumoniae	strong	13	3393002	3393002	5832169	no	-	ST1709	3	1	1	1	7	4	38	0	-	-	-	-	-	-	-	-	-	-	-	-	-	0	-	-	-	-	-	-	-	-	-	-	-	-	-	-	-	-	-	0	-	-	-	-	-	-	-	0	-	-	-	-	-	-	0	-	-	-	-	-	0	-	-	strB.v1;strA.v1^;ant(2'')-Ia	-	-	-	-	-	cmlA5	-	sul2	tet(A).v2	-	-	CMY-4.v1	-	-	-	OXA-204	SHV-1	-	-	-	-	-	-	2	6	8	wildtype S	90.99% S (N=5168/5680)	0^ QRDR, 0 PMQR, 0 aac(6`)-Ib-cr	0.25 mg/L [0.25-0.25]	wzi162	KL122	unknown (KL122)	Typeable	-	99.90%	-	OL2α.2	O2β	Typeable	-	99.22%	-
EuSCAPE_GR049	Klebsiella pneumoniae	strong	22	1437997	1641284	5607324	no	-	ST258	3	3	1	1	1	1	79	299-1LV	ybt 13; ICEKp2 (truncated)	6	4	20	14	1	126*-71%	131	2	4	52	2	-	0	-	-	-	-	-	-	-	-	-	-	-	-	-	-	-	-	-	0	-	-	-	-	-	-	-	0	-	-	-	-	-	-	0	-	-	-	-	-	1	-	-	aac(6')-Ib'.v1	-	-	-	-	-	-	-	-	-	-	-	-	-	-	-	KPC-2	SHV-11	SHV:p.Leu35Gln	OmpK35:p.Glu42fs	mgrB$	GyrA:p.Ser83Ile;ParC:p.Ser80Ile	OXA-9.v1*-42%	TEM-122*?-80%	3	4	2	nonwildtype R	99.21% R (N=2147/2167)	>1 QRDR, 0 PMQR, * aac(6`)-Ib-cr	2 mg/L [2-4]	wzi29	KL106	unknown (KL106)	Typeable	+!	99.99%	-	OL2α.2	O2β	Typeable	-	99.17%	-
EuSCAPE_GR073	Klebsiella pneumoniae	strong	9	5373892	5373892	5816613	no	-	ST383	2	6	1	3	8	1	18	0	-	-	-	-	-	-	-	-	-	-	-	-	-	0	-	-	-	-	-	-	-	-	-	-	-	-	-	-	-	-	-	0	-	-	-	-	-	-	-	0	-	-	-	-	-	-	0	-	-	-	-	-	0	-	-	aac(3)-IIa.v1^;strB.v1;aph3-Ia.v1^;strA.v1*;aadA1.v1^;aadA2;aadA2^;ant(2'')-Ia;aac(6')-Il	-	-	-	-	Mrx;mphA	floR.v2*	-	sul1;sul1;sul2	tet(A).v1;tet(A).v2	-	dfrA12;dfrA1.v2	CMY-13;CMY-4.v1;CMY-4.v1	-	-	-	VIM-1	SHV-1	-	-	-	GyrA:p.Ser83Phe;GyrA:p.Asp87Asn;ParC:p.Ser80Ile	-	-	2	9	23	nonwildtype R	99.21% R (N=2147/2167)	>1 QRDR, 0 PMQR, * aac(6`)-Ib-cr	2 mg/L [2-4]	-	KL30	K30	Typeable	!	97.44%	-	OL2α.2	O1αβ,2β	Typeable	-	99.08%	-
EuSCAPE_GR075	Klebsiella pneumoniae	strong	17	3664321	3664321	5910258	no	-	ST383	2	6	1	3	8	1	18	0	-	-	-	-	-	-	-	-	-	-	-	-	-	0	-	-	-	-	-	-	-	-	-	-	-	-	-	-	-	-	-	0	-	-	-	-	-	-	-	0	-	-	-	-	-	-	0	-	-	-	-	-	0	-	-	aac(3)-IIa.v1^;strB.v1;aph3-Ia.v1^;strA.v1*;aadA1.v1^;aadA2;aac(6')-Il	-	-	-	-	Mrx;mphA	floR.v2*	-	sul1;sul2	tet(A).v1;tet(A).v2	-	dfrA1.v2	CMY-4.v1^;CMY-13^;CMY-4.v1*	-	-	-	KPC-2;VIM-1	SHV-1	-	-	-	GyrA:p.Ser83Phe;GyrA:p.Asp87Asn;ParC:p.Ser80Ile	-	-	2	9	20	nonwildtype R	99.21% R (N=2147/2167)	>1 QRDR, 0 PMQR, * aac(6`)-Ib-cr	2 mg/L [2-4]	-	KL30	K30	Typeable	!	97.44%	-	OL2α.2	O1αβ,2β	Typeable	-	99.08%	-
EuSCAPE_GR094	Klebsiella pneumoniae	strong	12	5129615	5129615	5518735	no	-	ST11	3	3	1	1	1	1	4	230-1LV	ybt 15; ICEKp11	6	117	22	4	1	37	34	14	1	4	17	-	0	-	-	-	-	-	-	-	-	-	-	-	-	-	-	-	-	-	0	-	-	-	-	-	-	-	0	-	-	-	-	-	-	0	-	-	-	-	-	1	-	-	aac(3)-IIa.v1^;aac(6')-Ib'.v1;aac(6')-Ib-cr.v2	-	-	aac(6')-Ib-cr.v2	-	-	-	-	-	-	-	dfrA14.v2*	OXA-1	-	-	-	NDM-1	SHV-11	SHV:p.Leu35Gln	OmpK35:p.Gly299fs	mgrb:c.G69del	GyrA:p.Ser83Phe;GyrA:p.Asp87Ala;ParC:p.Ser80Ile	-	catB3.v1?-70%	3	6	7	nonwildtype R	99.21% R (N=2147/2167)	>1 QRDR, 0 PMQR, * aac(6`)-Ib-cr	2 mg/L [2-4]	wzi24	KL24	K24	Typeable	-	99.98%	-	OL2α.1	O2α	Typeable	!	99.14%	-
EuSCAPE_GR153	Klebsiella pneumoniae	strong	6	5220303	5220303	5667023	no	-	ST420	2	1	65	2	5	1	36	173-3LV	ybt 9; ICEKp3 (truncated)	5	11	6	5	1	331	458*-25%	9	85	5	11	-	0	-	-	-	-	-	-	-	-	-	-	-	-	-	-	-	-	-	5	iuc 1	1	1	1	1	10	-	1	iro 1	1	1	1	1	-	161	rmp 1; KpVP-1 (truncated)	5-54%	4-0%	2	-	4	-	rmpA2_6*-48%	-	-	-	-	-	-	-	-	-	-	-	-	-	-	-	-	KPC-2	SHV-75	-	-	-	-	OXA-9.v1*-42%	-	2	2	2	wildtype S	90.99% S (N=5168/5680)	0^ QRDR, 0 PMQR, 0 aac(6`)-Ib-cr	0.25 mg/L [0.25-0.25]	wzi95	KL20	K20	Typeable	-	99.98%	-	OL2α.1	O1αβ,2α	Typeable	-	99.18%	-
EuSCAPE_GR158	Klebsiella pneumoniae	strong	4	5463864	5463864	5745718	no	-	ST258	3	3	1	1	1	1	79	0	-	-	-	-	-	-	-	-	-	-	-	-	-	0	-	-	-	-	-	-	-	-	-	-	-	-	-	-	-	-	-	0	-	-	-	-	-	-	-	0	-	-	-	-	-	-	0	-	-	-	-	-	0	-	-	aadA2^;aadA2^;aac(6')-Ib'.v1*;aac(6')-Ib'.v1*	-	-	-	-	Mrx;mphA	catA1^	-	sul1;sul1	-	-	dfrA12	-	-	-	-	KPC-3	SHV-11;SHV-11	SHV:p.Leu35Gln;SHV:p.Leu35Gln	OmpK35:p.Glu42fs	mgrb:c.A133del	GyrA:p.Ser83Ile;ParC:p.Ser80Ile	-	-	3	8	11	nonwildtype R	99.21% R (N=2147/2167)	>1 QRDR, 0 PMQR, * aac(6`)-Ib-cr	2 mg/L [2-4]	wzi154	KL107	unknown (KL107)	Typeable	-	99.99%	-	OL2α.2	O2β	Typeable	-	99.17%	-
EuSCAPE_HU009	Klebsiella pneumoniae	strong	6	5380124	5380124	5627292	no	-	ST15	1	1	1	1	1	1	1	0	-	-	-	-	-	-	-	-	-	-	-	-	-	0	-	-	-	-	-	-	-	-	-	-	-	-	-	-	-	-	-	0	-	-	-	-	-	-	-	0	-	-	-	-	-	-	0	-	-	-	-	-	0	-	-	strB.v1;strB.v1;strA.v1;strA.v1^	-	-	-	-	-	-	-	sul1;sul2	-	-	-	-	-	CTX-M-15	-	VIM-4	SHV-28^	-	-	-	GyrA:p.Ser83Phe;GyrA:p.Asp87Ala;ParC:p.Ser80Ile	aac(6')-Ib7*-28%	-	2	6	9	nonwildtype R	99.21% R (N=2147/2167)	>1 QRDR, 0 PMQR, * aac(6`)-Ib-cr	2 mg/L [2-4]	wzi93	KL112	unknown (KL112)	Typeable	-	99.51%	-	OL2α.1	O1αβ,2α	Typeable	-	99.19%	-
EuSCAPE_HU025	Klebsiella pneumoniae	strong	6	5339812	5339812	5665548	no	-	ST15	1	1	1	1	1	1	1	0	-	-	-	-	-	-	-	-	-	-	-	-	-	0	-	-	-	-	-	-	-	-	-	-	-	-	-	-	-	-	-	0	-	-	-	-	-	-	-	0	-	-	-	-	-	-	0	-	-	-	-	-	0	-	-	strB.v1;strB.v1;strA.v1;strA.v1^	-	-	-	-	msrE;mphE.v2	-	-	sul1;sul2	-	-	dfrA14.v2*	-	-	CTX-M-15	-	VIM-4	SHV-28^	-	-	-	GyrA:p.Ser83Phe;GyrA:p.Asp87Ala;ParC:p.Ser80Ile	aac(6')-Ib7*-28%	-	2	8	12	nonwildtype R	99.21% R (N=2147/2167)	>1 QRDR, 0 PMQR, * aac(6`)-Ib-cr	2 mg/L [2-4]	wzi93	KL112	unknown (KL112)	Typeable	-	99.53%	-	OL2α.1	O1αβ,2α	Typeable	-	99.19%	-
EuSCAPE_IE008	Klebsiella pneumoniae	strong	3	5196741	5196741	5364232	no	-	ST323	2	1	1	1	9	1	93	0	-	-	-	-	-	-	-	-	-	-	-	-	-	0	-	-	-	-	-	-	-	-	-	-	-	-	-	-	-	-	-	0	-	-	-	-	-	-	-	0	-	-	-	-	-	-	0	-	-	-	-	-	0	-	-	aph(3')-VI;aadA*;aac(6')-Ib'.v1	-	-	qnrS1	-	-	-	-	-	-	-	-	-	-	CTX-M-15	-	NDM-1	SHV-1^	-	-	-	-	OXA-9.v1*-42%;fosA7*-15%	-	2	5	7	nonwildtype R	77.47% R (N=423/546)	0 QRDR, 1^ PMQR, 0 aac(6`)-Ib-cr	1 mg/L [1-2]	wzi262	KL21	K21	Typeable	-	100.00%	-	OL3γ	O3γ	Typeable	-	99.68%	-
EuSCAPE_IE024	Klebsiella pneumoniae	strong	3	5336943	5336943	5624998	no	-	ST258	3	3	1	1	1	1	79	0	-	-	-	-	-	-	-	-	-	-	-	-	-	0	-	-	-	-	-	-	-	-	-	-	-	-	-	-	-	-	-	0	-	-	-	-	-	-	-	0	-	-	-	-	-	-	0	-	-	-	-	-	0	-	-	aadA2^;aac(6')-Ib'.v1	-	-	-	-	Mrx;mphA	catA1^	-	sul1	-	-	dfrA12	-	-	-	-	KPC-2	SHV-11	SHV:p.Leu35Gln	OmpK35:p.Glu42fs	-	GyrA:p.Ser83Ile;ParC:p.Ser80Ile	OXA-9.v1*-42%	-	2	8	9	nonwildtype R	99.21% R (N=2147/2167)	>1 QRDR, 0 PMQR, * aac(6`)-Ib-cr	2 mg/L [2-4]	wzi29	KL106	unknown (KL106)	Typeable	+!	100.00%	-	OL2α.2	O2β	Typeable	-	99.17%	-
EuSCAPE_IL011	Klebsiella pneumoniae	strong	9	5446010	5446010	5630355	no	-	ST512	54	3	1	1	1	1	79	0	-	-	-	-	-	-	-	-	-	-	-	-	-	0	-	-	-	-	-	-	-	-	-	-	-	-	-	-	-	-	-	0	-	-	-	-	-	-	-	0	-	-	-	-	-	-	0	-	-	-	-	-	0	-	-	aadA2;aac(6')-Ib'.v1;aac(6')-Ib'.v1;aac(6')-Ib'.v1	-	-	-	-	-	-	-	sul1	-	-	-	-	-	-	-	KPC-3	SHV-11	SHV:p.Leu35Gln	OmpK36:p.134_135insGlyAsp;OmpK35:p.Glu42fs	-	GyrA:p.Ser83Ile;ParC:p.Ser80Ile	-	-	2	4	6	nonwildtype R	99.21% R (N=2147/2167)	>1 QRDR, 0 PMQR, * aac(6`)-Ib-cr	2 mg/L [2-4]	wzi154	KL107	unknown (KL107)	Typeable	-	99.98%	-	OL2α.2	O2β	Typeable	-	99.17%	-
EuSCAPE_IL012	Klebsiella pneumoniae	strong	6	3804487	3804487	5546359	no	-	ST512	54	3	1	1	1	1	79	0	-	-	-	-	-	-	-	-	-	-	-	-	-	0	-	-	-	-	-	-	-	-	-	-	-	-	-	-	-	-	-	0	-	-	-	-	-	-	-	0	-	-	-	-	-	-	0	-	-	-	-	-	0	-	-	aadA2^;aac(6')-Ib'.v1;aac(6')-Ib'.v1	-	-	-	-	Mrx;mphA	catA1^	-	sul1	-	-	-	-	-	-	-	KPC-3	SHV-11	SHV:p.Leu35Gln	OmpK36:p.134_135insGlyAsp;OmpK35:p.Glu42fs	-	GyrA:p.Ser83Ile;ParC:p.Ser80Ile	-	-	2	6	8	nonwildtype R	99.21% R (N=2147/2167)	>1 QRDR, 0 PMQR, * aac(6`)-Ib-cr	2 mg/L [2-4]	wzi154	KL107	unknown (KL107)	Typeable	-	99.99%	-	OL2α.2	O2β	Typeable	-	99.17%	-
EuSCAPE_IL046	Klebsiella pneumoniae	strong	37	2138074	2175207	5778597	no	-	ST292	2	1	2	1	1	1	4	0	-	-	-	-	-	-	-	-	-	-	-	-	-	0	-	-	-	-	-	-	-	-	-	-	-	-	-	-	-	-	-	0	-	-	-	-	-	-	-	0	-	-	-	-	-	-	0	-	-	-	-	-	0	-	-	strB.v1;strA.v1	-	-	-	-	-	-	-	-	tet(B).v2*;tetR	-	dfrA30*	-	-	-	-	KPC-3	SHV-1^	-	-	-	-	-	-	2	4	6	wildtype S	90.99% S (N=5168/5680)	0^ QRDR, 0 PMQR, 0 aac(6`)-Ib-cr	0.25 mg/L [0.25-0.25]	wzi281	KL38	K38	Typeable	-	99.80%	-	OL3γ	O3γ	Typeable	-	99.62%	-
EuSCAPE_IL058	Klebsiella pneumoniae	strong	6	5409814	5409814	5701785	no	-	ST512	54	3	1	1	1	1	79	0	-	-	-	-	-	-	-	-	-	-	-	-	-	0	-	-	-	-	-	-	-	-	-	-	-	-	-	-	-	-	-	0	-	-	-	-	-	-	-	0	-	-	-	-	-	-	0	-	-	-	-	-	0	-	-	aph3-Ia.v1^;aadA2^;aac(6')-Ib'.v1;aac(6')-Ib'.v1	-	-	-	-	Mrx;mphA	catA1^	-	sul1	-	-	dfrA12	-	-	-	-	KPC-3	SHV-11	SHV:p.Leu35Gln	OmpK36:p.134_135insGlyAsp;OmpK35:p.Glu42fs	-	GyrA:p.Ser83Ile;ParC:p.Ser80Ile	-	-	2	7	10	nonwildtype R	99.21% R (N=2147/2167)	>1 QRDR, 0 PMQR, * aac(6`)-Ib-cr	2 mg/L [2-4]	wzi154	KL107	unknown (KL107)	Typeable	-	99.99%	-	OL2α.2	O2β	Typeable	-	99.17%	-
EuSCAPE_IL063	Klebsiella pneumoniae	strong	7	5438226	5438226	5794819	no	-	ST512	54	3	1	1	1	1	79	0	-	-	-	-	-	-	-	-	-	-	-	-	-	0	-	-	-	-	-	-	-	-	-	-	-	-	-	-	-	-	-	0	-	-	-	-	-	-	-	0	-	-	-	-	-	-	0	-	-	-	-	-	0	-	-	aph3-Ia.v1^;aadA2;aadA2^;aac(6')-Ib'.v1	-	-	-	-	Mrx;mphA	catA1^	-	sul1;sul1	-	-	dfrA12	-	-	-	-	KPC-3	SHV-11;SHV-11	SHV:p.Leu35Gln;SHV:p.Leu35Gln	OmpK36:p.134_135insGlyAsp;OmpK35:p.Glu42fs	mgrb:c.A74del	GyrA:p.Ser83Ile;ParC:p.Ser80Ile	OXA-9.v1*-42%	-	3	9	12	nonwildtype R	99.21% R (N=2147/2167)	>1 QRDR, 0 PMQR, * aac(6`)-Ib-cr	2 mg/L [2-4]	wzi154	KL107	unknown (KL107)	Typeable	-	99.99%	-	OL2α.2	O2β	Typeable	-	99.17%	-
EuSCAPE_IL075	Klebsiella pneumoniae	strong	18	5349525	5349525	5659229	no	-	ST38	2	1	2	1	2	2	2	0	-	-	-	-	-	-	-	-	-	-	-	-	-	0	-	-	-	-	-	-	-	-	-	-	-	-	-	-	-	-	-	0	-	-	-	-	-	-	-	0	-	-	-	-	-	-	0	-	-	-	-	-	0	-	-	aph(3')-VI;aadA*;aac(6')-Ib'.v1	-	-	qnrS1	-	-	-	-	-	-	-	-	-	-	CTX-M-15	-	NDM-1	SHV-11^	SHV:p.Leu35Gln	OmpK35:p.Gly75fs	-	GyrA:p.Ser83Phe;GyrA:p.Asp87Ala;ParC:p.Ser80Ile	OXA-9.v1*-42%	-	2	5	7	nonwildtype R	99.22% R (N=2424/2443)	>0 QRDR, >0 PMQR, * aac(6`)-Ib-cr	4 mg/L [4-4]	wzi50	KL52	K52	Typeable	-	99.95%	-	OL13	O13	Typeable	!	96.57%	-
EuSCAPE_IL077	Klebsiella pneumoniae	strong	13	2801743	2801743	5574177	no	-	ST512	54	3	1	1	1	1	79	0	-	-	-	-	-	-	-	-	-	-	-	-	-	0	-	-	-	-	-	-	-	-	-	-	-	-	-	-	-	-	-	0	-	-	-	-	-	-	-	0	-	-	-	-	-	-	0	-	-	-	-	-	0	-	-	aph3-Ia.v1^;aac(6')-Ib'.v1;aac(6')-Ib'.v1	-	-	-	-	-	-	-	-	-	-	-	-	-	-	-	KPC-3	SHV-11	SHV:p.Leu35Gln	OmpK36:p.134_135insGlyAsp;OmpK35:p.Glu42fs	-	GyrA:p.Ser83Ile;ParC:p.Ser80Ile	-	-	2	3	4	nonwildtype R	99.21% R (N=2147/2167)	>1 QRDR, 0 PMQR, * aac(6`)-Ib-cr	2 mg/L [2-4]	wzi154	KL107	unknown (KL107)	Typeable	-	99.99%	-	OL2α.2	O2β	Typeable	-	99.17%	-
EuSCAPE_IT013	Klebsiella pneumoniae	strong	10	5365945	5365945	5695696	no	-	ST512	54	3	1	1	1	1	79	0	-	-	-	-	-	-	-	-	-	-	-	-	-	0	-	-	-	-	-	-	-	-	-	-	-	-	-	-	-	-	-	0	-	-	-	-	-	-	-	0	-	-	-	-	-	-	0	-	-	-	-	-	0	-	-	aph3-Ia.v1^;aadA2;aadA2;aac(6')-Ib'.v1	-	-	-	-	Mrx;mphA	catA1^	-	sul1;sul1	-	-	dfrA12	-	-	-	-	KPC-3	SHV-11;SHV-11	SHV:p.Leu35Gln;SHV:p.Leu35Gln	OmpK36:p.134_135insGlyAsp;OmpK35:p.Glu42fs	-	GyrA:p.Ser83Ile;ParC:p.Ser80Ile	-	-	2	7	11	nonwildtype R	99.21% R (N=2147/2167)	>1 QRDR, 0 PMQR, * aac(6`)-Ib-cr	2 mg/L [2-4]	wzi154	KL107	unknown (KL107)	Typeable	-	99.99%	-	OL2α.2	O2β	Typeable	-	99.17%	-
EuSCAPE_IT030	Klebsiella pneumoniae	strong	8	5376254	5376254	5622417	no	-	ST512	54	3	1	1	1	1	79	0	-	-	-	-	-	-	-	-	-	-	-	-	-	0	-	-	-	-	-	-	-	-	-	-	-	-	-	-	-	-	-	0	-	-	-	-	-	-	-	0	-	-	-	-	-	-	0	-	-	-	-	-	0	-	-	aac(3)-IIa.v1^;aadA2;aac(6')-Ib'.v1;aac(6')-Ib-cr.v2	-	-	aac(6')-Ib-cr.v2	-	-	-	-	sul1	-	-	-	OXA-1	-	CTX-M-15	-	KPC-3	SHV-11;SHV-11	SHV:p.Leu35Gln;SHV:p.Leu35Gln	OmpK36:p.134_135insGlyAsp;OmpK35:p.Glu42fs	-	GyrA:p.Ser83Ile;ParC:p.Ser80Ile	OXA-9.v1*-42%;OXA-9.v1*-42%	TEM-122*?-80%;catB3.v1?-70%	2	7	10	nonwildtype R	99.21% R (N=2147/2167)	>1 QRDR, 0 PMQR, * aac(6`)-Ib-cr	2 mg/L [2-4]	wzi154	KL107	Capsule null	Typeable	!	99.99%	-	OL2α.2	O2β	Typeable	-	99.17%	-
EuSCAPE_IT062	Klebsiella pneumoniae	strong	8	5295787	5295787	5839827	no	-	ST147	3	4	6	1	7	4	38	0	-	-	-	-	-	-	-	-	-	-	-	-	-	0	-	-	-	-	-	-	-	-	-	-	-	-	-	-	-	-	-	0	-	-	-	-	-	-	-	0	-	-	-	-	-	-	0	-	-	-	-	-	0	-	-	aphA15;aadA1.v1^	-	-	-	-	Mrx;mphA	catB2.v1	-	sul1	-	-	dfrA14.v2*	-	-	SHV-12	-	VIM-1	SHV-11^	SHV:p.Leu35Gln;SHV:p.Gly238Ser;SHV:p.Glu240Lys;SHV:p.Leu35Gln	OmpK35:p.Gly106fs	-	GyrA:p.Ser83Ile;ParC:p.Ser80Ile	aac(6')-Ib-cr4*-11%	-	2	8	9	nonwildtype R	99.21% R (N=2147/2167)	>1 QRDR, 0 PMQR, * aac(6`)-Ib-cr	2 mg/L [2-4]	wzi64	KL64	K64	Typeable	-	99.99%	-	OL2α.1	O2α	Typeable	-	99.03%	-
EuSCAPE_IT100	Klebsiella pneumoniae	strong	15	5440772	5440772	5761327	no	-	ST512	54	3	1	1	1	1	79	0	-	-	-	-	-	-	-	-	-	-	-	-	-	0	-	-	-	-	-	-	-	-	-	-	-	-	-	-	-	-	-	0	-	-	-	-	-	-	-	0	-	-	-	-	-	-	0	-	-	-	-	-	0	-	-	aph3-Ia.v1^;aadA2^;aadA2^	-	-	-	-	Mrx;mphA	catA1^	-	sul1;sul1	-	-	dfrA12	-	-	-	-	KPC-3	SHV-11;SHV-11	SHV:p.Leu35Gln;SHV:p.Leu35Gln	OmpK36:p.134_135insGlyAsp;OmpK35:p.Glu42fs	mgrb:c.A74del	GyrA:p.Ser83Ile;ParC:p.Ser80Ile	-	-	3	8	10	nonwildtype R	99.21% R (N=2147/2167)	>1 QRDR, 0 PMQR, * aac(6`)-Ib-cr	2 mg/L [2-4]	wzi154	KL107	unknown (KL107)	Typeable	-	99.99%	-	OL2α.2	O2β	Typeable	-	99.17%	-
EuSCAPE_IT152	Klebsiella pneumoniae	strong	4	5433592	5433592	5718631	no	-	ST512	54	3	1	1	1	1	79	0	-	-	-	-	-	-	-	-	-	-	-	-	-	0	-	-	-	-	-	-	-	-	-	-	-	-	-	-	-	-	-	0	-	-	-	-	-	-	-	0	-	-	-	-	-	-	0	-	-	-	-	-	0	-	-	aph3-Ia.v1^;aadA2;aadA2^;aac(6')-Ib'.v1	-	-	-	-	Mrx;mphA	catA1^	-	sul1;sul1*	-	-	dfrA12	-	-	-	-	KPC-3	SHV-11	SHV:p.Leu35Gln	OmpK36:p.134_135insGlyAsp;OmpK35:p.Glu42fs	-	GyrA:p.Ser83Ile;ParC:p.Ser80Ile	OXA-9.v1*-42%	-	2	8	12	nonwildtype R	99.21% R (N=2147/2167)	>1 QRDR, 0 PMQR, * aac(6`)-Ib-cr	2 mg/L [2-4]	wzi154	KL107	unknown (KL107)	Typeable	-	99.99%	-	OL2α.2	O2β	Typeable	-	99.17%	-
EuSCAPE_IT166	Klebsiella pneumoniae	strong	9	5420935	5420935	5759315	no	-	ST258	3	3	1	1	1	1	79	0	-	-	-	-	-	-	-	-	-	-	-	-	-	0	-	-	-	-	-	-	-	-	-	-	-	-	-	-	-	-	-	0	-	-	-	-	-	-	-	0	-	-	-	-	-	-	0	-	-	-	-	-	0	-	-	aph3-Ia.v1^;aadA2;aadA2^	-	-	-	-	Mrx;mphA	catA1^	-	sul1;sul1	-	-	dfrA12	-	-	-	-	KPC-3	SHV-11	SHV:p.Leu35Gln	OmpK35:p.Glu42fs	mgrb:c.A129del	GyrA:p.Ser83Ile;ParC:p.Ser80Ile	OXA-9.v1*-42%	-	3	8	10	nonwildtype R	99.21% R (N=2147/2167)	>1 QRDR, 0 PMQR, * aac(6`)-Ib-cr	2 mg/L [2-4]	wzi154	KL107	unknown (KL107)	Typeable	-	99.99%	-	OL2α.2	O2β	Typeable	-	99.17%	-
EuSCAPE_IT178	Klebsiella pneumoniae	strong	21	5373714	5373714	5718947	no	-	ST512	54	3	1	1	1	1	79	0	-	-	-	-	-	-	-	-	-	-	-	-	-	0	-	-	-	-	-	-	-	-	-	-	-	-	-	-	-	-	-	0	-	-	-	-	-	-	-	0	-	-	-	-	-	-	0	-	-	-	-	-	0	-	-	aph3-Ia.v1^;aadA2^	-	-	-	-	Mrx;mphA	catA1^	-	sul1	-	-	dfrA12	-	-	-	-	KPC-3	SHV-11;SHV-11	SHV:p.Leu35Gln;SHV:p.Leu35Gln	OmpK36:p.134_135insGlyAsp;OmpK35:p.Glu42fs	-	GyrA:p.Ser83Ile;ParC:p.Ser80Ile	OXA-9.v1*-42%	-	2	7	8	nonwildtype R	99.21% R (N=2147/2167)	>1 QRDR, 0 PMQR, * aac(6`)-Ib-cr	2 mg/L [2-4]	wzi154	KL107	unknown (KL107)	Typeable	-	99.99%	-	OL2α.2	O2β	Typeable	-	99.17%	-
EuSCAPE_IT222	Klebsiella pneumoniae	strong	3	5376585	5376585	5613004	no	-	ST512	54	3	1	1	1	1	79	0	-	-	-	-	-	-	-	-	-	-	-	-	-	0	-	-	-	-	-	-	-	-	-	-	-	-	-	-	-	-	-	0	-	-	-	-	-	-	-	0	-	-	-	-	-	-	0	-	-	-	-	-	0	-	-	aph3-Ia.v1^;aadA2;aadA2^;aac(6')-Ib'.v1;aac(6')-Ib'.v1	-	-	-	-	Mrx;mphA	catA1^	-	sul1;sul1	-	-	dfrA12	-	-	-	-	KPC-3	SHV-11	SHV:p.Leu35Gln	OmpK36:p.134_135insGlyAsp;OmpK35:p.Glu42fs	-	GyrA:p.Ser83Ile;ParC:p.Ser80Ile	-	-	2	7	12	nonwildtype R	99.21% R (N=2147/2167)	>1 QRDR, 0 PMQR, * aac(6`)-Ib-cr	2 mg/L [2-4]	wzi154	KL107	unknown (KL107)	Typeable	-	99.99%	-	OL2α.2	O2β	Typeable	-	99.17%	-
EuSCAPE_IT242	Klebsiella pneumoniae	strong	5	5433034	5433034	5616388	no	-	ST512	54	3	1	1	1	1	79	0	-	-	-	-	-	-	-	-	-	-	-	-	-	0	-	-	-	-	-	-	-	-	-	-	-	-	-	-	-	-	-	0	-	-	-	-	-	-	-	0	-	-	-	-	-	-	0	-	-	-	-	-	0	-	-	aadA2;aac(6')-Ib'.v1	-	-	-	-	-	-	-	sul1	-	-	-	-	-	-	-	KPC-3	SHV-11	SHV:p.Leu35Gln	OmpK36:p.134_135insGlyAsp;OmpK35:p.Glu42fs	-	GyrA:p.Ser83Ile;ParC:p.Ser80Ile	-	-	2	4	4	nonwildtype R	99.21% R (N=2147/2167)	>1 QRDR, 0 PMQR, * aac(6`)-Ib-cr	2 mg/L [2-4]	wzi154	KL107	unknown (KL107)	Typeable	-	99.99%	-	OL2α.2	O2β	Typeable	-	99.17%	-
EuSCAPE_IT258	Klebsiella pneumoniae	strong	6	5437707	5437707	5808541	no	-	ST512	54	3	1	1	1	1	79	0	-	-	-	-	-	-	-	-	-	-	-	-	-	0	-	-	-	-	-	-	-	-	-	-	-	-	-	-	-	-	-	0	-	-	-	-	-	-	-	0	-	-	-	-	-	-	0	-	-	-	-	-	0	-	-	aph3-Ia.v1^;aadA2;aadA2^;aac(6')-Ib'.v1	-	-	-	-	Mrx;mphA	catA1^	-	sul1;sul1	-	-	dfrA12	-	-	-	-	KPC-3	SHV-11;SHV-11	SHV:p.Leu35Gln;SHV:p.Leu35Gln	OmpK36:p.134_135insGlyAsp;OmpK35:p.Glu42fs	mgrb:p.Ser36fs	GyrA:p.Ser83Ile;ParC:p.Ser80Ile	OXA-9.v1*-42%	-	3	9	12	nonwildtype R	99.21% R (N=2147/2167)	>1 QRDR, 0 PMQR, * aac(6`)-Ib-cr	2 mg/L [2-4]	wzi154	KL107	unknown (KL107)	Typeable	-	99.99%	-	OL2α.2	O2β	Typeable	-	99.17%	-
EuSCAPE_IT266	Klebsiella pneumoniae	strong	16	2570598	2736392	5879093	no	-	ST512	54	3	1	1	1	1	79	0	-	-	-	-	-	-	-	-	-	-	-	-	-	0	-	-	-	-	-	-	-	-	-	-	-	-	-	-	-	-	-	0	-	-	-	-	-	-	-	0	-	-	-	-	-	-	0	-	-	-	-	-	0	-	-	aac(3)-IIa.v1;strA.v1;aadA2^;aph(3')-VI*;strB.v1?	-	-	-	-	-	floR.v2*;catA1^	-	sul1;sul2	-	-	dfrA12	TEM-2	-	-	-	KPC-3	SHV-11;SHV-11	SHV:p.Leu35Gln;SHV:p.Leu35Gln	OmpK35:p.Glu42fs	-	GyrA:p.Ser83Ile;ParC:p.Ser80Ile	OXA-9.v1*-42%;aac(6')-Ib'.v1*?-0%	-	2	8	13	nonwildtype R	99.21% R (N=2147/2167)	>1 QRDR, 0 PMQR, * aac(6`)-Ib-cr	2 mg/L [2-4]	wzi154	KL107	unknown (KL107)	Typeable	-	99.99%	-	OL2α.2	O2β	Typeable	-	99.17%	-
EuSCAPE_IT278	Klebsiella pneumoniae	strong	15	5435761	5435761	5748863	no	-	ST512	54	3	1	1	1	1	79	0	-	-	-	-	-	-	-	-	-	-	-	-	-	0	-	-	-	-	-	-	-	-	-	-	-	-	-	-	-	-	-	0	-	-	-	-	-	-	-	0	-	-	-	-	-	-	0	-	-	-	-	-	0	-	-	aph3-Ia.v1^;aadA2;aac(6')-Ib'.v1	-	-	-	-	Mrx;mphA	catA1^	-	sul1;sul1	-	-	dfrA12	-	-	-	-	KPC-3	SHV-11;SHV-11	SHV:p.Leu35Gln;SHV:p.Leu35Gln	OmpK36:p.134_135insGlyAsp;OmpK35:p.Glu42fs	mgrb:p.Trp6fs	GyrA:p.Ser83Ile;ParC:p.Ser80Ile	OXA-9.v1*-42%	-	3	9	11	nonwildtype R	99.21% R (N=2147/2167)	>1 QRDR, 0 PMQR, * aac(6`)-Ib-cr	2 mg/L [2-4]	wzi154	KL107	unknown (KL107)	Typeable	-	99.99%	-	OL2α.2	O2β	Typeable	-	99.17%	-
EuSCAPE_IT288	Klebsiella pneumoniae	strong	11	5439874	5439874	5816996	no	-	ST512	54	3	1	1	1	1	79	0	-	-	-	-	-	-	-	-	-	-	-	-	-	0	-	-	-	-	-	-	-	-	-	-	-	-	-	-	-	-	-	0	-	-	-	-	-	-	-	0	-	-	-	-	-	-	0	-	-	-	-	-	0	-	-	aph3-Ia.v1^;aadA2^;aac(6')-Ib'.v1;aac(6')-Ib'.v1	-	-	-	-	Mrx	catA1^	-	sul1	-	-	-	-	-	-	-	KPC-3	SHV-11	SHV:p.Leu35Gln	OmpK36:p.134_135insGlyAsp;OmpK35:p.Glu42fs	-	GyrA:p.Ser83Ile;ParC:p.Ser80Ile	aac(6')-Ib'.v1*-15%	-	2	6	8	nonwildtype R	99.21% R (N=2147/2167)	>1 QRDR, 0 PMQR, * aac(6`)-Ib-cr	2 mg/L [2-4]	wzi154	KL107	unknown (KL107)	Typeable	-	99.97%	-	OL2α.2	O2β	Typeable	-	99.17%	-
EuSCAPE_IT300	Klebsiella pneumoniae	strong	8	5389979	5389979	5757488	no	-	ST512	54	3	1	1	1	1	79	0	-	-	-	-	-	-	-	-	-	-	-	-	-	0	-	-	-	-	-	-	-	-	-	-	-	-	-	-	-	-	-	0	-	-	-	-	-	-	-	0	-	-	-	-	-	-	0	-	-	-	-	-	0	-	-	aph3-Ia.v1^;aadA2;aadA2^;aac(6')-Ib'.v1*	-	-	-	-	Mrx;mphA	catA1^	-	sul1;sul1	-	-	dfrA12	-	-	-	-	KPC-3	SHV-11;SHV-11	SHV:p.Leu35Gln;SHV:p.Leu35Gln	OmpK36:p.134_135insGlyAsp;OmpK35:p.Glu42fs	-	GyrA:p.Ser83Ile;ParC:p.Ser80Ile	OXA-9.v1*-42%	-	2	8	12	nonwildtype R	99.21% R (N=2147/2167)	>1 QRDR, 0 PMQR, * aac(6`)-Ib-cr	2 mg/L [2-4]	wzi154	KL107	unknown (KL107)	Typeable	-	99.99%	-	OL2α.2	O2β	Typeable	-	99.17%	-
EuSCAPE_IT312	Klebsiella pneumoniae	strong	4	5189125	5189125	5484881	no	-	ST870	2	6	1	1	147	1	31	0	-	-	-	-	-	-	-	-	-	-	-	-	-	0	-	-	-	-	-	-	-	-	-	-	-	-	-	-	-	-	-	0	-	-	-	-	-	-	-	0	-	-	-	-	-	-	0	-	-	-	-	-	0	-	-	aphA15;aadA1.v1^	-	-	qnrS1	-	Mrx;mphA	catB2.v1	-	sul1	-	-	dfrA14.v2*	-	-	-	-	VIM-1	SHV-1^	-	-	-	-	aac(6')-Ib-cr4*-11%	-	2	7	9	nonwildtype R	77.47% R (N=423/546)	0 QRDR, 1^ PMQR, 0 aac(6`)-Ib-cr	1 mg/L [1-2]	wzi137	KL17	K17	Typeable	-	99.94%	-	OL2α.1	O1αβ,2α	Typeable	-	98.92%	-
EuSCAPE_IT370	Klebsiella pneumoniae	strong	23	5411490	5411490	5701348	no	-	ST512	54	3	1	1	1	1	79	0	-	-	-	-	-	-	-	-	-	-	-	-	-	0	-	-	-	-	-	-	-	-	-	-	-	-	-	-	-	-	-	0	-	-	-	-	-	-	-	0	-	-	-	-	-	-	0	-	-	-	-	-	0	-	-	aph3-Ia.v1^;aac(6')-Ib'.v1	-	-	-	-	-	catA1^	-	sul1	-	-	-	-	-	-	-	KPC-3	SHV-11;SHV-11	SHV:p.Leu35Gln;SHV:p.Leu35Gln	OmpK36:p.134_135insGlyAsp;OmpK35:p.Glu42fs	mgrb:p.Ser36fs	GyrA:p.Ser83Ile;ParC:p.Ser80Ile	OXA-9.v1*-42%	-	3	7	6	nonwildtype R	99.21% R (N=2147/2167)	>1 QRDR, 0 PMQR, * aac(6`)-Ib-cr	2 mg/L [2-4]	wzi154	KL107	unknown (KL107)	Typeable	-	99.99%	-	OL2α.2	O2β	Typeable	-	99.17%	-
EuSCAPE_IT386	Klebsiella pneumoniae	strong	32	1118424	2568177	5664939	no	-	ST512	54	3	1	1	1	1	79	0	-	-	-	-	-	-	-	-	-	-	-	-	-	0	-	-	-	-	-	-	-	-	-	-	-	-	-	-	-	-	-	0	-	-	-	-	-	-	-	0	-	-	-	-	-	-	0	-	-	-	-	-	0	-	-	aph3-Ia.v1^;aadA2^;aac(6')-Ib'.v1	-	-	-	-	Mrx;mphA	catA1^	-	sul1	-	-	dfrA12	-	-	-	-	KPC-3	SHV-11	SHV:p.Leu35Gln	OmpK36:p.134_135insGlyAsp;OmpK35:p.Glu42fs	mgrb:c.A74del	GyrA:p.Ser83Ile;ParC:p.Ser80Ile	OXA-9.v1*-42%	-	3	9	10	nonwildtype R	99.21% R (N=2147/2167)	>1 QRDR, 0 PMQR, * aac(6`)-Ib-cr	2 mg/L [2-4]	wzi154	KL107	unknown (KL107)	Typeable	-	99.99%	-	OL2α.2	O2β	Typeable	-	99.17%	-
EuSCAPE_LU008	Klebsiella pneumoniae	strong	24	3334782	3334782	5676651	no	-	ST147	3	4	6	1	7	4	38	0	-	-	-	-	-	-	-	-	-	-	-	-	-	0	-	-	-	-	-	-	-	-	-	-	-	-	-	-	-	-	-	0	-	-	-	-	-	-	-	0	-	-	-	-	-	-	0	-	-	-	-	-	0	-	-	aadA;aadA1.v1^;aac(3)-Ia*	-	-	-	-	-	-	-	sul1	-	-	dfrA1.v2	-	-	-	-	KPC-2	SHV-11^	SHV:p.Leu35Gln	OmpK35:p.Gln172fs	mgrb:p.Asp29fs	GyrA:p.Ser83Ile;ParC:p.Ser80Ile	OXA-9.v1*-42%;aac(6')-Ib7*-28%	-	3	7	7	nonwildtype R	99.21% R (N=2147/2167)	>1 QRDR, 0 PMQR, * aac(6`)-Ib-cr	2 mg/L [2-4]	wzi64	KL64	K64	Typeable	!	100.00%	-	OL2α.1	O2α	Typeable	-	99.03%	-
EuSCAPE_LU018	Klebsiella pneumoniae	strong	12	3114011	3114011	5895946	no	-	ST37	2	9	2	1	13	1	16	0	-	-	-	-	-	-	-	-	-	-	-	-	-	0	-	-	-	-	-	-	-	-	-	-	-	-	-	-	-	-	-	0	-	-	-	-	-	-	-	0	-	-	-	-	-	-	0	-	-	-	-	-	0	-	-	-	-	-	-	-	-	-	-	-	-	-	-	-	-	-	-	KPC-2	SHV-11^	SHV:p.Leu35Gln	-	-	-	OXA-9.v1*-42%	-	2	2	2	wildtype S	90.99% S (N=5168/5680)	0^ QRDR, 0 PMQR, 0 aac(6`)-Ib-cr	0.25 mg/L [0.25-0.25]	wzi50	KL15	K15	Typeable	-	99.81%	-	OL4	O4	Typeable	-	99.55%	-
