#FILE	SEQUENCE	START	END	STRAND	GENE	COVERAGE	COVERAGE_MAP	GAPS	%COVERAGE	%IDENTITY	DATABASE	ACCESSION	PRODUCT	RESISTANCE
/tmp/euscape_fastas/EuSCAPE_AT022.fasta	61088_C05|SC|contig000002	300	859	-	IncFIB(K)_1_Kpn3	1-560/560	===============	0/0	100.00	100.00	plasmidfinder	JN233704	IncFIB(K)_1_Kpn3_JN233704	
/tmp/euscape_fastas/EuSCAPE_AT022.fasta	61088_C05|SC|contig000002	98426	98861	-	IncFII(pAR0022)_1	7-442/442	===============	0/0	98.64	81.42	plasmidfinder	CP024882	IncFII(pAR0022)_1__CP024882	
/tmp/euscape_fastas/EuSCAPE_AT022.fasta	61088_C05|SC|contig000002	98895	99133	-	IncFII_1_pKP91	1-230/230	========/======	4/9	100.00	87.87	plasmidfinder	CP000966	IncFII_1_pKP91_CP000966	
/tmp/euscape_fastas/EuSCAPE_AT023.fasta	3754STDY7197106_unicycler|SC|contig000002	300	859	-	IncFIB(K)_1_Kpn3	1-560/560	===============	0/0	100.00	100.00	plasmidfinder	JN233704	IncFIB(K)_1_Kpn3_JN233704	
/tmp/euscape_fastas/EuSCAPE_AT023.fasta	3754STDY7197106_unicycler|SC|contig000002	114384	114819	-	IncFII(pAR0022)_1	7-442/442	===============	0/0	98.64	81.42	plasmidfinder	CP024882	IncFII(pAR0022)_1__CP024882	
/tmp/euscape_fastas/EuSCAPE_AT023.fasta	3754STDY7197106_unicycler|SC|contig000002	114853	115091	-	IncFII_1_pKP91	1-230/230	========/======	4/9	100.00	87.03	plasmidfinder	CP000966	IncFII_1_pKP91_CP000966	
/tmp/euscape_fastas/EuSCAPE_AT023.fasta	3754STDY7197106_unicycler|SC|contig000003	19	641	+	repB(R1701)_1	1-623/623	===============	0/0	100.00	99.20	plasmidfinder	CP039970	repB(R1701)_1__CP039970	
/tmp/euscape_fastas/EuSCAPE_AT023.fasta	3754STDY7197106_unicycler|SC|contig000003	73528	74104	+	IncFII(pKPX1)	1-577/577	===============	0/0	100.00	100.00	plasmidfinder	AP012055	IncFII(pKPX1)__AP012055	
/tmp/euscape_fastas/EuSCAPE_AT023.fasta	3754STDY7197106_unicycler|SC|contig000004	34560	35073	+	IncN_1	1-514/514	===============	0/0	100.00	99.81	plasmidfinder	AY046276	IncN_1__AY046276	
/tmp/euscape_fastas/EuSCAPE_AT023.fasta	3754STDY7197106_unicycler|SC|contig000005	297	577	+	Col440II_1	2-282/282	===============	0/0	99.65	90.75	plasmidfinder	CP023921.1	Col440II_1__CP023921.1	
/tmp/euscape_fastas/EuSCAPE_AT023.fasta	3754STDY7197106_unicycler|SC|contig000005	1170	1285	+	Col(pHAD28)_1	1-116/131	==============.	0/0	88.55	93.10	plasmidfinder	KU674895	Col(pHAD28)_1__KU674895	
/tmp/euscape_fastas/EuSCAPE_AT023.fasta	3754STDY7197106_unicycler|SC|contig000006	3102	3215	-	Col440I_1	1-114/114	===============	0/0	100.00	96.49	plasmidfinder	CP023920.1	Col440I_1__CP023920.1	
/tmp/euscape_fastas/EuSCAPE_AT027.fasta	3754STDY7197114|SC|contig000002	72258	72817	+	IncFIB(K)_1_Kpn3	1-560/560	===============	0/0	100.00	100.00	plasmidfinder	JN233704	IncFIB(K)_1_Kpn3_JN233704	
/tmp/euscape_fastas/EuSCAPE_AT027.fasta	3754STDY7197114|SC|contig000002	142305	142543	+	IncFII_1_pKP91	1-230/230	========/======	4/9	100.00	87.03	plasmidfinder	CP000966	IncFII_1_pKP91_CP000966	
/tmp/euscape_fastas/EuSCAPE_AT027.fasta	3754STDY7197114|SC|contig000002	142577	143012	+	IncFII(pAR0022)_1	7-442/442	===============	0/0	98.64	81.42	plasmidfinder	CP024882	IncFII(pAR0022)_1__CP024882	
/tmp/euscape_fastas/EuSCAPE_AT027.fasta	3754STDY7197114|SC|contig000003	5431	5560	-	ColRNAI_1	1-130/130	===============	0/0	100.00	100.00	plasmidfinder	DQ298019	ColRNAI_1__DQ298019	
/tmp/euscape_fastas/EuSCAPE_BE078.fasta	3754STDY7197013_unicycler|SC|contig000003	20774	21333	-	IncFIB(K)_1_Kpn3	1-560/560	===============	0/0	100.00	98.93	plasmidfinder	JN233704	IncFIB(K)_1_Kpn3_JN233704	
/tmp/euscape_fastas/EuSCAPE_BE078.fasta	3754STDY7197013_unicycler|SC|contig000003	150360	150580	-	IncFII_1_pKP91	10-230/230	===============	0/0	96.09	96.83	plasmidfinder	CP000966	IncFII_1_pKP91_CP000966	
/tmp/euscape_fastas/EuSCAPE_BE078.fasta	3754STDY7197013_unicycler|SC|contig000006	559	932	-	IncX3_1	1-374/374	===============	0/0	100.00	100.00	plasmidfinder	JN247852	IncX3_1__JN247852	
/tmp/euscape_fastas/EuSCAPE_BE091.fasta	3754STDY7197110|SC|contig000002	300	859	-	IncFIB(K)_1_Kpn3	1-560/560	===============	0/0	100.00	100.00	plasmidfinder	JN233704	IncFIB(K)_1_Kpn3_JN233704	
/tmp/euscape_fastas/EuSCAPE_BE091.fasta	3754STDY7197110|SC|contig000002	110877	111250	+	IncX3_1	1-374/374	===============	0/0	100.00	100.00	plasmidfinder	JN247852	IncX3_1__JN247852	
/tmp/euscape_fastas/EuSCAPE_BE091.fasta	3754STDY7197110|SC|contig000002	177077	177512	-	IncFII(pAR0022)_1	7-442/442	===============	0/0	98.64	81.42	plasmidfinder	CP024882	IncFII(pAR0022)_1__CP024882	
/tmp/euscape_fastas/EuSCAPE_BE091.fasta	3754STDY7197110|SC|contig000002	177546	177784	-	IncFII_1_pKP91	1-230/230	========/======	4/9	100.00	87.03	plasmidfinder	CP000966	IncFII_1_pKP91_CP000966	
/tmp/euscape_fastas/EuSCAPE_BE091.fasta	3754STDY7197110|SC|contig000003	11998	12127	-	ColRNAI_1	1-130/130	===============	0/0	100.00	100.00	plasmidfinder	DQ298019	ColRNAI_1__DQ298019	
/tmp/euscape_fastas/EuSCAPE_BE092.fasta	3754STDY7197118|SC|contig000002	300	859	-	IncFIB(K)_1_Kpn3	1-560/560	===============	0/0	100.00	100.00	plasmidfinder	JN233704	IncFIB(K)_1_Kpn3_JN233704	
/tmp/euscape_fastas/EuSCAPE_BE092.fasta	3754STDY7197118|SC|contig000002	105237	105672	-	IncFII(pAR0022)_1	7-442/442	===============	0/0	98.64	81.42	plasmidfinder	CP024882	IncFII(pAR0022)_1__CP024882	
/tmp/euscape_fastas/EuSCAPE_BE092.fasta	3754STDY7197118|SC|contig000002	105706	105944	-	IncFII_1_pKP91	1-230/230	========/======	4/9	100.00	87.87	plasmidfinder	CP000966	IncFII_1_pKP91_CP000966	
/tmp/euscape_fastas/EuSCAPE_BE092.fasta	3754STDY7197118|SC|contig000003	15442	15858	+	IncA/C2_1	1-417/417	===============	0/0	100.00	100.00	plasmidfinder	JN157804	IncA/C2_1__JN157804	
/tmp/euscape_fastas/EuSCAPE_BE092.fasta	3754STDY7197118|SC|contig000004	29195	29568	+	IncX3_1	1-374/374	===============	0/0	100.00	100.00	plasmidfinder	JN247852	IncX3_1__JN247852	
/tmp/euscape_fastas/EuSCAPE_BE092.fasta	3754STDY7197118|SC|contig000006	3521	3650	+	ColRNAI_1	1-130/130	===============	0/0	100.00	100.00	plasmidfinder	DQ298019	ColRNAI_1__DQ298019	
/tmp/euscape_fastas/EuSCAPE_BE098.fasta	61088_H05|SC|contig000002	189017	189452	-	IncFII(pAR0022)_1	7-442/442	===============	0/0	98.64	81.42	plasmidfinder	CP024882	IncFII(pAR0022)_1__CP024882	
/tmp/euscape_fastas/EuSCAPE_BE098.fasta	61088_H05|SC|contig000002	189486	189724	-	IncFII_1_pKP91	1-230/230	========/======	4/9	100.00	87.03	plasmidfinder	CP000966	IncFII_1_pKP91_CP000966	
/tmp/euscape_fastas/EuSCAPE_BE098.fasta	61088_H05|SC|contig000002	259465	260024	-	IncFIB(K)_1_Kpn3	1-560/560	===============	0/0	100.00	100.00	plasmidfinder	JN233704	IncFIB(K)_1_Kpn3_JN233704	
/tmp/euscape_fastas/EuSCAPE_BE098.fasta	61088_H05|SC|contig000003	5965	6338	+	IncX3_1	1-374/374	===============	0/0	100.00	100.00	plasmidfinder	JN247852	IncX3_1__JN247852	
/tmp/euscape_fastas/EuSCAPE_BE098.fasta	61088_H05|SC|contig000005	1350	1479	-	ColRNAI_1	1-130/130	===============	0/0	100.00	100.00	plasmidfinder	DQ298019	ColRNAI_1__DQ298019	
/tmp/euscape_fastas/EuSCAPE_CZ007.fasta	60973_A01_unicycler|SC|contig000004	300	859	-	IncFIB(K)_1_Kpn3	1-560/560	===============	0/0	100.00	100.00	plasmidfinder	JN233704	IncFIB(K)_1_Kpn3_JN233704	
/tmp/euscape_fastas/EuSCAPE_CZ007.fasta	60973_A01_unicycler|SC|contig000004	97823	98258	-	IncFII(pAR0022)_1	7-442/442	===============	0/0	98.64	81.42	plasmidfinder	CP024882	IncFII(pAR0022)_1__CP024882	
/tmp/euscape_fastas/EuSCAPE_CZ007.fasta	60973_A01_unicycler|SC|contig000004	98292	98530	-	IncFII_1_pKP91	1-230/230	========/======	4/9	100.00	87.03	plasmidfinder	CP000966	IncFII_1_pKP91_CP000966	
/tmp/euscape_fastas/EuSCAPE_CZ007.fasta	60973_A01_unicycler|SC|contig000005	47668	48290	-	repB(R1701)_1	1-623/623	===============	0/0	100.00	99.20	plasmidfinder	CP039970	repB(R1701)_1__CP039970	
/tmp/euscape_fastas/EuSCAPE_CZ007.fasta	60973_A01_unicycler|SC|contig000005	99422	99998	-	IncFII(pKPX1)	1-577/577	===============	0/0	100.00	100.00	plasmidfinder	AP012055	IncFII(pKPX1)__AP012055	
/tmp/euscape_fastas/EuSCAPE_CZ007.fasta	60973_A01_unicycler|SC|contig000009	195	644	-	IncQ2_1	1-450/450	===============	0/0	100.00	98.89	plasmidfinder	FJ696404	IncQ2_1__FJ696404	
/tmp/euscape_fastas/EuSCAPE_CZ007.fasta	60973_A01_unicycler|SC|contig000010	586	701	-	Col(pHAD28)_1	1-116/131	==============.	0/0	88.55	93.10	plasmidfinder	KU674895	Col(pHAD28)_1__KU674895	
/tmp/euscape_fastas/EuSCAPE_CZ007.fasta	60973_A01_unicycler|SC|contig000010	1294	1574	-	Col440II_1	2-282/282	===============	0/0	99.65	90.75	plasmidfinder	CP023921.1	Col440II_1__CP023921.1	
/tmp/euscape_fastas/EuSCAPE_CZ007.fasta	60973_A01_unicycler|SC|contig000011	3584	4107	+	Col(pB8919)_1	1-524/524	===============	0/0	100.00	90.08	plasmidfinder	CP094996.1	Col(pB8919)_1__CP094996.1	
/tmp/euscape_fastas/EuSCAPE_DE016.fasta	3754STDY7197030|SC|contig000002	300	859	-	IncFIB(K)_1_Kpn3	1-560/560	===============	0/0	100.00	100.00	plasmidfinder	JN233704	IncFIB(K)_1_Kpn3_JN233704	
/tmp/euscape_fastas/EuSCAPE_DE016.fasta	3754STDY7197030|SC|contig000002	137883	138318	-	IncFII(pAR0022)_1	7-442/442	===============	0/0	98.64	81.42	plasmidfinder	CP024882	IncFII(pAR0022)_1__CP024882	
/tmp/euscape_fastas/EuSCAPE_DE016.fasta	3754STDY7197030|SC|contig000002	138352	138590	-	IncFII_1_pKP91	1-230/230	========/======	4/9	100.00	87.87	plasmidfinder	CP000966	IncFII_1_pKP91_CP000966	
/tmp/euscape_fastas/EuSCAPE_DE016.fasta	3754STDY7197030|SC|contig000003	15206	15579	+	IncX3_1	1-374/374	===============	0/0	100.00	100.00	plasmidfinder	JN247852	IncX3_1__JN247852	
/tmp/euscape_fastas/EuSCAPE_DE016.fasta	3754STDY7197030|SC|contig000005	196	325	-	ColRNAI_1	1-130/130	===============	0/0	100.00	100.00	plasmidfinder	DQ298019	ColRNAI_1__DQ298019	
/tmp/euscape_fastas/EuSCAPE_DE019.fasta	60019_G01_unicycler|SC|contig000002	217	956	+	IncFIB(pQil)_1_pQil	1-740/740	===============	0/0	100.00	100.00	plasmidfinder	JN233705	IncFIB(pQil)_1_pQil_JN233705	
/tmp/euscape_fastas/EuSCAPE_DE019.fasta	60019_G01_unicycler|SC|contig000002	87660	88095	-	IncFII(pAR0022)_1	7-442/442	===============	0/0	98.64	81.88	plasmidfinder	CP024882	IncFII(pAR0022)_1__CP024882	
/tmp/euscape_fastas/EuSCAPE_DE019.fasta	60019_G01_unicycler|SC|contig000002	88129	88366	-	IncFII_1_pKP91	1-230/230	========/======	3/8	100.00	87.39	plasmidfinder	CP000966	IncFII_1_pKP91_CP000966	
/tmp/euscape_fastas/EuSCAPE_DE019.fasta	60019_G01_unicycler|SC|contig000003	43788	44038	+	IncR_1	1-251/251	===============	0/0	100.00	100.00	plasmidfinder	DQ449578	IncR_1__DQ449578	
/tmp/euscape_fastas/EuSCAPE_DE019.fasta	60019_G01_unicycler|SC|contig000003	52025	52282	-	IncFII_1	4-261/261	===============	0/0	98.85	100.00	plasmidfinder	AY458016	IncFII_1__AY458016	
/tmp/euscape_fastas/EuSCAPE_DE019.fasta	60019_G01_unicycler|SC|contig000004	4277	4557	+	Col440II_1	2-282/282	===============	0/0	99.65	90.75	plasmidfinder	CP023921.1	Col440II_1__CP023921.1	
/tmp/euscape_fastas/EuSCAPE_DE019.fasta	60019_G01_unicycler|SC|contig000005	414	527	+	Col440I_1	1-114/114	===============	0/0	100.00	97.37	plasmidfinder	CP023920.1	Col440I_1__CP023920.1	
/tmp/euscape_fastas/EuSCAPE_DE024.fasta	3754STDY7197021_unicycler_depth_filter_0.1|SC|contig000002	208	646	-	IncFIB(Mar)_1_pNDM-Mar	1-439/439	===============	0/0	100.00	99.54	plasmidfinder	JN420336	IncFIB(Mar)_1_pNDM-Mar_JN420336	
/tmp/euscape_fastas/EuSCAPE_DE024.fasta	3754STDY7197021_unicycler_depth_filter_0.1|SC|contig000002	106073	106642	-	IncHI1B_1_pNDM-MAR	1-570/570	===============	0/0	100.00	99.47	plasmidfinder	JN420336	IncHI1B_1_pNDM-MAR_JN420336	
/tmp/euscape_fastas/EuSCAPE_DE024.fasta	3754STDY7197021_unicycler_depth_filter_0.1|SC|contig000004	217	956	+	IncFIB(pQil)_1_pQil	1-740/740	===============	0/0	100.00	100.00	plasmidfinder	JN233705	IncFIB(pQil)_1_pQil_JN233705	
/tmp/euscape_fastas/EuSCAPE_DE024.fasta	3754STDY7197021_unicycler_depth_filter_0.1|SC|contig000004	37220	37655	-	IncFII(pAR0022)_1	7-442/442	===============	0/0	98.64	81.42	plasmidfinder	CP024882	IncFII(pAR0022)_1__CP024882	
/tmp/euscape_fastas/EuSCAPE_DE024.fasta	3754STDY7197021_unicycler_depth_filter_0.1|SC|contig000004	37689	37927	-	IncFII_1_pKP91	1-230/230	========/======	4/9	100.00	87.87	plasmidfinder	CP000966	IncFII_1_pKP91_CP000966	
/tmp/euscape_fastas/EuSCAPE_DE024.fasta	3754STDY7197021_unicycler_depth_filter_0.1|SC|contig000005	2650	2780	-	Col(pHAD28)_1	1-131/131	===============	0/0	100.00	92.37	plasmidfinder	KU674895	Col(pHAD28)_1__KU674895	
/tmp/euscape_fastas/EuSCAPE_DE072.fasta	60325_E01|SC|contig000002	561	687	+	Col(pHAD28)_1	5-131/131	===============	0/0	96.95	88.98	plasmidfinder	KU674895	Col(pHAD28)_1__KU674895	
/tmp/euscape_fastas/EuSCAPE_DE072.fasta	60325_E01|SC|contig000002	54043	54263	-	IncFII_1_pKP91	10-230/230	===============	0/0	96.09	96.83	plasmidfinder	CP000966	IncFII_1_pKP91_CP000966	
/tmp/euscape_fastas/EuSCAPE_DE072.fasta	60325_E01|SC|contig000002	116202	116761	-	IncFIB(K)_1_Kpn3	1-560/560	===============	0/0	100.00	98.93	plasmidfinder	JN233704	IncFIB(K)_1_Kpn3_JN233704	
/tmp/euscape_fastas/EuSCAPE_DE072.fasta	60325_E01|SC|contig000004	10975	11104	+	ColRNAI_1	1-130/130	===============	0/0	100.00	100.00	plasmidfinder	DQ298019	ColRNAI_1__DQ298019	
/tmp/euscape_fastas/EuSCAPE_DE073.fasta	3754STDY7197115|SC|contig000002	1	603	+	IncFIB(AP001918)_1	80-682/682	.==============	0/0	88.42	98.51	plasmidfinder	AP001918	IncFIB(AP001918)_1__AP001918	
/tmp/euscape_fastas/EuSCAPE_DE073.fasta	3754STDY7197115|SC|contig000002	28587	29087	+	IncFIC(FII)_1	1-499/499	========/======	4/4	99.80	84.06	plasmidfinder	AP001918	IncFIC(FII)_1__AP001918	
/tmp/euscape_fastas/EuSCAPE_DE073.fasta	3754STDY7197115|SC|contig000002	89397	89780	-	IncFIA_1	5-388/388	===============	0/0	98.97	99.74	plasmidfinder	AP001918	IncFIA_1__AP001918	
/tmp/euscape_fastas/EuSCAPE_DE073.fasta	3754STDY7197115|SC|contig000003	30	465	+	IncFII(pAR0022)_1	7-442/442	===============	0/0	98.64	81.65	plasmidfinder	CP024882	IncFII(pAR0022)_1__CP024882	
/tmp/euscape_fastas/EuSCAPE_DE073.fasta	3754STDY7197115|SC|contig000003	16516	16766	-	IncR_1	1-251/251	===============	0/0	100.00	99.60	plasmidfinder	DQ449578	IncR_1__DQ449578	
/tmp/euscape_fastas/EuSCAPE_DE073.fasta	3754STDY7197115|SC|contig000003	86956	87185	+	IncFII_1_pKP91	1-230/230	===============	0/0	100.00	100.00	plasmidfinder	CP000966	IncFII_1_pKP91_CP000966	
/tmp/euscape_fastas/EuSCAPE_DE073.fasta	3754STDY7197115|SC|contig000004	53883	54396	+	IncN_1	1-514/514	===============	0/0	100.00	99.81	plasmidfinder	AY046276	IncN_1__AY046276	
/tmp/euscape_fastas/EuSCAPE_DE073.fasta	3754STDY7197115|SC|contig000005	880	1253	+	IncX1_1	1-374/374	===============	0/0	100.00	98.93	plasmidfinder	EU370913	IncX1_1__EU370913	
/tmp/euscape_fastas/EuSCAPE_DE073.fasta	3754STDY7197115|SC|contig000007	4222	4375	+	Col156_1	1-154/154	===============	0/0	100.00	100.00	plasmidfinder	NC_009781	Col156_1__NC_009781	
/tmp/euscape_fastas/EuSCAPE_DE075.fasta	60258_B01_unicycler|SC|contig000002	300	859	-	IncFIB(K)_1_Kpn3	1-560/560	===============	0/0	100.00	98.93	plasmidfinder	JN233704	IncFIB(K)_1_Kpn3_JN233704	
/tmp/euscape_fastas/EuSCAPE_DE075.fasta	60258_B01_unicycler|SC|contig000002	118472	118907	-	IncFII(pAR0022)_1	7-442/442	===============	0/0	98.64	81.65	plasmidfinder	CP024882	IncFII(pAR0022)_1__CP024882	
/tmp/euscape_fastas/EuSCAPE_DE075.fasta	60258_B01_unicycler|SC|contig000002	118941	119179	-	IncFII_1_pKP91	1-230/230	========/======	4/9	100.00	86.61	plasmidfinder	CP000966	IncFII_1_pKP91_CP000966	
/tmp/euscape_fastas/EuSCAPE_DE075.fasta	60258_B01_unicycler|SC|contig000006	5372	5491	-	ColRNAI_1	13-130/130	.=======/======	2/2	90.77	89.17	plasmidfinder	DQ298019	ColRNAI_1__DQ298019	
/tmp/euscape_fastas/EuSCAPE_ES046.fasta	58560_F01_unicycler|SC|contig000002	72258	72817	+	IncFIB(K)_1_Kpn3	1-560/560	===============	0/0	100.00	100.00	plasmidfinder	JN233704	IncFIB(K)_1_Kpn3_JN233704	
/tmp/euscape_fastas/EuSCAPE_ES046.fasta	58560_F01_unicycler|SC|contig000002	142847	143085	+	IncFII_1_pKP91	1-230/230	========/======	4/9	100.00	87.03	plasmidfinder	CP000966	IncFII_1_pKP91_CP000966	
/tmp/euscape_fastas/EuSCAPE_ES046.fasta	58560_F01_unicycler|SC|contig000002	143119	143554	+	IncFII(pAR0022)_1	7-442/442	===============	0/0	98.64	81.42	plasmidfinder	CP024882	IncFII(pAR0022)_1__CP024882	
/tmp/euscape_fastas/EuSCAPE_ES046.fasta	58560_F01_unicycler|SC|contig000003	26985	27235	-	IncR_1	1-251/251	===============	0/0	100.00	100.00	plasmidfinder	DQ449578	IncR_1__DQ449578	
/tmp/euscape_fastas/EuSCAPE_ES073.fasta	3754STDY7197120|SC|contig000007	79818	80253	-	IncFII(pAR0022)_1	7-442/442	===============	0/0	98.64	81.42	plasmidfinder	CP024882	IncFII(pAR0022)_1__CP024882	
/tmp/euscape_fastas/EuSCAPE_ES073.fasta	3754STDY7197120|SC|contig000007	80287	80525	-	IncFII_1_pKP91	1-230/230	========/======	4/9	100.00	87.03	plasmidfinder	CP000966	IncFII_1_pKP91_CP000966	
/tmp/euscape_fastas/EuSCAPE_ES073.fasta	3754STDY7197120|SC|contig000007	149777	150336	-	IncFIB(K)_1_Kpn3	1-560/560	===============	0/0	100.00	100.00	plasmidfinder	JN233704	IncFIB(K)_1_Kpn3_JN233704	
/tmp/euscape_fastas/EuSCAPE_ES073.fasta	3754STDY7197120|SC|contig000008	8005	8378	-	IncX1_1	1-374/374	===============	0/0	100.00	98.40	plasmidfinder	EU370913	IncX1_1__EU370913	
/tmp/euscape_fastas/EuSCAPE_ES073.fasta	3754STDY7197120|SC|contig000008	27282	27532	-	IncR_1	1-251/251	===============	0/0	100.00	100.00	plasmidfinder	DQ449578	IncR_1__DQ449578	
/tmp/euscape_fastas/EuSCAPE_ES073.fasta	3754STDY7197120|SC|contig000011	439	1244	+	IncP6_1	1-806/806	===============	0/0	100.00	99.88	plasmidfinder	JF785550	IncP6_1__JF785550	
/tmp/euscape_fastas/EuSCAPE_ES085.fasta	3754STDY7197015|SC|contig000003	300	859	-	IncFIB(K)_1_Kpn3	1-560/560	===============	0/0	100.00	100.00	plasmidfinder	JN233704	IncFIB(K)_1_Kpn3_JN233704	
/tmp/euscape_fastas/EuSCAPE_ES085.fasta	3754STDY7197015|SC|contig000003	144383	144818	-	IncFII(pAR0022)_1	7-442/442	===============	0/0	98.64	81.42	plasmidfinder	CP024882	IncFII(pAR0022)_1__CP024882	
/tmp/euscape_fastas/EuSCAPE_ES085.fasta	3754STDY7197015|SC|contig000003	144852	145090	-	IncFII_1_pKP91	1-230/230	========/======	4/9	100.00	87.03	plasmidfinder	CP000966	IncFII_1_pKP91_CP000966	
/tmp/euscape_fastas/EuSCAPE_ES085.fasta	3754STDY7197015|SC|contig000004	27788	28161	-	IncX1_1	1-374/374	===============	0/0	100.00	98.40	plasmidfinder	EU370913	IncX1_1__EU370913	
/tmp/euscape_fastas/EuSCAPE_ES085.fasta	3754STDY7197015|SC|contig000004	47065	47315	-	IncR_1	1-251/251	===============	0/0	100.00	100.00	plasmidfinder	DQ449578	IncR_1__DQ449578	
/tmp/euscape_fastas/EuSCAPE_ES085.fasta	3754STDY7197015|SC|contig000005	279	1084	-	IncP6_1	1-806/806	===============	0/0	100.00	99.88	plasmidfinder	JF785550	IncP6_1__JF785550	
/tmp/euscape_fastas/EuSCAPE_ES089.fasta	3754STDY7197122_unicycler_depth_filter_0.1|SC|contig000006	60240	60478	+	IncFII_1_pKP91	1-230/230	========/======	4/9	100.00	87.03	plasmidfinder	CP000966	IncFII_1_pKP91_CP000966	
/tmp/euscape_fastas/EuSCAPE_ES089.fasta	3754STDY7197122_unicycler_depth_filter_0.1|SC|contig000006	60512	60947	+	IncFII(pAR0022)_1	7-442/442	===============	0/0	98.64	81.42	plasmidfinder	CP024882	IncFII(pAR0022)_1__CP024882	
/tmp/euscape_fastas/EuSCAPE_ES089.fasta	3754STDY7197122_unicycler_depth_filter_0.1|SC|contig000008	5281	5531	+	IncR_1	1-251/251	===============	0/0	100.00	100.00	plasmidfinder	DQ449578	IncR_1__DQ449578	
/tmp/euscape_fastas/EuSCAPE_ES089.fasta	3754STDY7197122_unicycler_depth_filter_0.1|SC|contig000009	11963	12768	+	IncP6_1	1-806/806	===============	0/0	100.00	99.88	plasmidfinder	JF785550	IncP6_1__JF785550	
/tmp/euscape_fastas/EuSCAPE_ES089.fasta	3754STDY7197122_unicycler_depth_filter_0.1|SC|contig000012	7868	8427	-	IncFIB(K)_1_Kpn3	1-560/560	===============	0/0	100.00	100.00	plasmidfinder	JN233704	IncFIB(K)_1_Kpn3_JN233704	
/tmp/euscape_fastas/EuSCAPE_ES089.fasta	3754STDY7197122_unicycler_depth_filter_0.1|SC|contig000022	5231	5669	-	IncFIB(Mar)_1_pNDM-Mar	1-439/439	===============	0/0	100.00	99.32	plasmidfinder	JN420336	IncFIB(Mar)_1_pNDM-Mar_JN420336	
/tmp/euscape_fastas/EuSCAPE_ES089.fasta	3754STDY7197122_unicycler_depth_filter_0.1|SC|contig000033	1595	2164	-	IncHI1B_1_pNDM-MAR	1-570/570	===============	0/0	100.00	99.30	plasmidfinder	JN420336	IncHI1B_1_pNDM-MAR_JN420336	
/tmp/euscape_fastas/EuSCAPE_ES089.fasta	3754STDY7197122_unicycler_depth_filter_0.1|SC|contig000034	2147	2277	-	Col(pHAD28)_1	1-131/131	===============	0/0	100.00	94.66	plasmidfinder	KU674895	Col(pHAD28)_1__KU674895	
/tmp/euscape_fastas/EuSCAPE_ES089.fasta	3754STDY7197122_unicycler_depth_filter_0.1|SC|contig000035	279	409	-	Col(pHAD28)_1	1-131/131	===============	0/0	100.00	90.08	plasmidfinder	KU674895	Col(pHAD28)_1__KU674895	
/tmp/euscape_fastas/EuSCAPE_ES089.fasta	3754STDY7197122_unicycler_depth_filter_0.1|SC|contig000037	2364	2801	+	RepB_1_pC39	1-438/438	===============	0/0	100.00	98.86	plasmidfinder	CP061702.1	RepB_1_pC39_CP061702.1	
/tmp/euscape_fastas/EuSCAPE_ES094.fasta	60973_C01_unicycler|SC|contig000002	211	840	+	IncHI2A_1	1-630/630	===============	0/0	100.00	99.84	plasmidfinder	BX664015	IncHI2A_1__BX664015	
/tmp/euscape_fastas/EuSCAPE_ES094.fasta	60973_C01_unicycler|SC|contig000002	269353	269679	-	IncHI2_1	1-327/327	===============	0/0	100.00	100.00	plasmidfinder	BX664015	IncHI2_1__BX664015	
/tmp/euscape_fastas/EuSCAPE_ES094.fasta	60973_C01_unicycler|SC|contig000002	270297	270891	-	RepA_1_pKPC-CAV1321	2-596/596	========/======	2/2	99.66	80.37	plasmidfinder	CP011611	RepA_1_pKPC-CAV1321_CP011611	
/tmp/euscape_fastas/EuSCAPE_ES094.fasta	60973_C01_unicycler|SC|contig000003	61627	62186	+	IncFIB(K)_1_Kpn3	1-560/560	===============	0/0	100.00	98.93	plasmidfinder	JN233704	IncFIB(K)_1_Kpn3_JN233704	
/tmp/euscape_fastas/EuSCAPE_ES094.fasta	60973_C01_unicycler|SC|contig000004	33181	33803	-	repB(R1701)_1	1-623/623	===============	0/0	100.00	99.20	plasmidfinder	CP039970	repB(R1701)_1__CP039970	
/tmp/euscape_fastas/EuSCAPE_ES094.fasta	60973_C01_unicycler|SC|contig000004	102991	103217	+	IncFII_1_pKP91	10-230/230	========/======	2/6	96.09	88.55	plasmidfinder	CP000966	IncFII_1_pKP91_CP000966	
/tmp/euscape_fastas/EuSCAPE_ES220.fasta	58275_F01_unicycler|SC|contig000002	211	840	+	IncHI2A_1	1-630/630	===============	0/0	100.00	100.00	plasmidfinder	BX664015	IncHI2A_1__BX664015	
/tmp/euscape_fastas/EuSCAPE_ES220.fasta	58275_F01_unicycler|SC|contig000002	270097	270423	-	IncHI2_1	1-327/327	===============	0/0	100.00	100.00	plasmidfinder	BX664015	IncHI2_1__BX664015	
/tmp/euscape_fastas/EuSCAPE_ES220.fasta	58275_F01_unicycler|SC|contig000002	271041	271635	-	RepA_1_pKPC-CAV1321	2-596/596	========/======	2/2	99.66	80.37	plasmidfinder	CP011611	RepA_1_pKPC-CAV1321_CP011611	
/tmp/euscape_fastas/EuSCAPE_ES220.fasta	58275_F01_unicycler|SC|contig000003	300	859	-	IncFIB(K)_1_Kpn3	1-560/560	===============	0/0	100.00	98.93	plasmidfinder	JN233704	IncFIB(K)_1_Kpn3_JN233704	
/tmp/euscape_fastas/EuSCAPE_ES220.fasta	58275_F01_unicycler|SC|contig000004	67808	68399	+	IncL/M(pOXA-48)_1_pOXA-48	1-592/661	==============.	0/0	89.56	100.00	plasmidfinder	JN626286	IncL/M(pOXA-48)_1_pOXA-48_JN626286	
/tmp/euscape_fastas/EuSCAPE_ES291.fasta	60258_D01|SC|contig000002	217	956	+	IncFIB(pQil)_1_pQil	1-740/740	===============	0/0	100.00	100.00	plasmidfinder	JN233705	IncFIB(pQil)_1_pQil_JN233705	
/tmp/euscape_fastas/EuSCAPE_ES291.fasta	60258_D01|SC|contig000004	8518	8953	-	IncFII(pAR0022)_1	7-442/442	===============	0/0	98.64	81.42	plasmidfinder	CP024882	IncFII(pAR0022)_1__CP024882	
/tmp/euscape_fastas/EuSCAPE_ES291.fasta	60258_D01|SC|contig000004	8987	9225	-	IncFII_1_pKP91	1-230/230	========/======	4/9	100.00	87.03	plasmidfinder	CP000966	IncFII_1_pKP91_CP000966	
/tmp/euscape_fastas/EuSCAPE_ES291.fasta	60258_D01|SC|contig000007	4026	4585	+	IncFIB(K)_1_Kpn3	1-560/560	===============	0/0	100.00	100.00	plasmidfinder	JN233704	IncFIB(K)_1_Kpn3_JN233704	
/tmp/euscape_fastas/EuSCAPE_ES291.fasta	60258_D01|SC|contig000008	10364	10493	+	ColRNAI_1	1-130/130	===============	0/0	100.00	100.00	plasmidfinder	DQ298019	ColRNAI_1__DQ298019	
/tmp/euscape_fastas/EuSCAPE_FR056.fasta	3754STDY7197108_unicycler|SC|contig000003	300	859	-	IncFIB(K)_1_Kpn3	1-560/560	===============	0/0	100.00	98.75	plasmidfinder	JN233704	IncFIB(K)_1_Kpn3_JN233704	
/tmp/euscape_fastas/EuSCAPE_FR056.fasta	3754STDY7197108_unicycler|SC|contig000004	45	461	+	IncA/C2_1	1-417/417	===============	0/0	100.00	100.00	plasmidfinder	JN157804	IncA/C2_1__JN157804	
/tmp/euscape_fastas/EuSCAPE_FR056.fasta	3754STDY7197108_unicycler|SC|contig000005	43160	43719	-	IncFIB(pKPHS1)_1_pKPHS1	1-560/560	===============	0/0	100.00	99.64	plasmidfinder	CP003223	IncFIB(pKPHS1)_1_pKPHS1_CP003223	
/tmp/euscape_fastas/EuSCAPE_FR056.fasta	3754STDY7197108_unicycler|SC|contig000007	58675	59346	+	IncL/M(pMU407)_1_pMU407	1-670/739	========/=====.	2/2	90.66	91.52	plasmidfinder	U27345	IncL/M(pMU407)_1_pMU407_U27345	
/tmp/euscape_fastas/EuSCAPE_FR056.fasta	3754STDY7197108_unicycler|SC|contig000009	23631	24106	+	IncN4_1	1-476/476	===============	0/0	100.00	97.27	plasmidfinder	JQ996149	IncN4_1__JQ996149	
/tmp/euscape_fastas/EuSCAPE_GR049.fasta	3754STDY7197117|SC|contig000009	21265	21700	-	IncFII(pAR0022)_1	7-442/442	===============	0/0	98.64	81.42	plasmidfinder	CP024882	IncFII(pAR0022)_1__CP024882	
/tmp/euscape_fastas/EuSCAPE_GR049.fasta	3754STDY7197117|SC|contig000009	21734	21972	-	IncFII_1_pKP91	1-230/230	========/======	4/9	100.00	87.87	plasmidfinder	CP000966	IncFII_1_pKP91_CP000966	
/tmp/euscape_fastas/EuSCAPE_GR049.fasta	3754STDY7197117|SC|contig000009	86439	87178	+	IncFIB(pQil)_1_pQil	1-740/740	===============	0/0	100.00	100.00	plasmidfinder	JN233705	IncFIB(pQil)_1_pQil_JN233705	
/tmp/euscape_fastas/EuSCAPE_GR049.fasta	3754STDY7197117|SC|contig000012	10359	10488	-	ColRNAI_1	1-130/130	===============	0/0	100.00	100.00	plasmidfinder	DQ298019	ColRNAI_1__DQ298019	
/tmp/euscape_fastas/EuSCAPE_GR049.fasta	3754STDY7197117|SC|contig000013	2280	2410	-	Col(pHAD28)_1	1-131/131	===============	0/0	100.00	90.08	plasmidfinder	KU674895	Col(pHAD28)_1__KU674895	
/tmp/euscape_fastas/EuSCAPE_GR049.fasta	3754STDY7197117|SC|contig000014	2577	2690	-	Col440I_1	1-114/114	===============	0/0	100.00	95.61	plasmidfinder	CP023920.1	Col440I_1__CP023920.1	
/tmp/euscape_fastas/EuSCAPE_GR049.fasta	3754STDY7197117|SC|contig000015	1760	1890	-	Col(pHAD28)_1	1-131/131	===============	0/0	100.00	92.37	plasmidfinder	KU674895	Col(pHAD28)_1__KU674895	
/tmp/euscape_fastas/EuSCAPE_GR073.fasta	58200_F01_unicycler|SC|contig000002	208	646	-	IncFIB(Mar)_1_pNDM-Mar	1-439/439	===============	0/0	100.00	99.54	plasmidfinder	JN420336	IncFIB(Mar)_1_pNDM-Mar_JN420336	
/tmp/euscape_fastas/EuSCAPE_GR073.fasta	58200_F01_unicycler|SC|contig000002	131644	132213	-	IncHI1B_1_pNDM-MAR	1-570/570	===============	0/0	100.00	99.47	plasmidfinder	JN420336	IncHI1B_1_pNDM-MAR_JN420336	
/tmp/euscape_fastas/EuSCAPE_GR073.fasta	58200_F01_unicycler|SC|contig000003	45	461	+	IncA/C2_1	1-417/417	===============	0/0	100.00	100.00	plasmidfinder	JN157804	IncA/C2_1__JN157804	
/tmp/euscape_fastas/EuSCAPE_GR073.fasta	58200_F01_unicycler|SC|contig000004	71456	71713	-	IncFII_1	4-261/261	===============	0/0	98.85	100.00	plasmidfinder	AY458016	IncFII_1__AY458016	
/tmp/euscape_fastas/EuSCAPE_GR073.fasta	58200_F01_unicycler|SC|contig000006	2406	2536	+	ColRNAI_1	1-130/130	========/======	1/1	100.00	88.55	plasmidfinder	DQ298019	ColRNAI_1__DQ298019	
/tmp/euscape_fastas/EuSCAPE_GR073.fasta	58200_F01_unicycler|SC|contig000007	1243	1373	-	Col(pHAD28)_1	1-131/131	===============	0/0	100.00	92.37	plasmidfinder	KU674895	Col(pHAD28)_1__KU674895	
/tmp/euscape_fastas/EuSCAPE_GR073.fasta	58200_F01_unicycler|SC|contig000008	1234	1361	-	Col(pHAD28)_1	1-129/131	========/======	1/1	97.71	91.47	plasmidfinder	KU674895	Col(pHAD28)_1__KU674895	
/tmp/euscape_fastas/EuSCAPE_GR073.fasta	58200_F01_unicycler|SC|contig000009	176	437	+	Col(MG828)_1	1-262/262	===============	0/0	100.00	94.28	plasmidfinder	NC_008486	Col(MG828)_1__NC_008486	
/tmp/euscape_fastas/EuSCAPE_GR075.fasta	3754STDY7197111|SC|contig000003	37469	38038	-	IncHI1B_1_pNDM-MAR	1-570/570	===============	0/0	100.00	99.47	plasmidfinder	JN420336	IncHI1B_1_pNDM-MAR_JN420336	
/tmp/euscape_fastas/EuSCAPE_GR075.fasta	3754STDY7197111|SC|contig000003	131735	132173	-	IncFIB(Mar)_1_pNDM-Mar	1-439/439	===============	0/0	100.00	99.54	plasmidfinder	JN420336	IncFIB(Mar)_1_pNDM-Mar_JN420336	
/tmp/euscape_fastas/EuSCAPE_GR075.fasta	3754STDY7197111|SC|contig000004	217	956	+	IncFIB(pQil)_1_pQil	1-740/740	===============	0/0	100.00	100.00	plasmidfinder	JN233705	IncFIB(pQil)_1_pQil_JN233705	
/tmp/euscape_fastas/EuSCAPE_GR075.fasta	3754STDY7197111|SC|contig000004	38359	38794	-	IncFII(pAR0022)_1	7-442/442	===============	0/0	98.64	81.42	plasmidfinder	CP024882	IncFII(pAR0022)_1__CP024882	
/tmp/euscape_fastas/EuSCAPE_GR075.fasta	3754STDY7197111|SC|contig000004	38828	39066	-	IncFII_1_pKP91	1-230/230	========/======	4/9	100.00	87.87	plasmidfinder	CP000966	IncFII_1_pKP91_CP000966	
/tmp/euscape_fastas/EuSCAPE_GR075.fasta	3754STDY7197111|SC|contig000005	45	461	+	IncA/C2_1	1-417/417	===============	0/0	100.00	100.00	plasmidfinder	JN157804	IncA/C2_1__JN157804	
/tmp/euscape_fastas/EuSCAPE_GR075.fasta	3754STDY7197111|SC|contig000006	71456	71713	-	IncFII_1	4-261/261	===============	0/0	98.85	100.00	plasmidfinder	AY458016	IncFII_1__AY458016	
/tmp/euscape_fastas/EuSCAPE_GR075.fasta	3754STDY7197111|SC|contig000009	3088	3218	-	ColRNAI_1	1-130/130	========/======	1/1	100.00	88.55	plasmidfinder	DQ298019	ColRNAI_1__DQ298019	
/tmp/euscape_fastas/EuSCAPE_GR075.fasta	3754STDY7197111|SC|contig000010	2398	2528	-	Col(pHAD28)_1	1-131/131	===============	0/0	100.00	92.37	plasmidfinder	KU674895	Col(pHAD28)_1__KU674895	
/tmp/euscape_fastas/EuSCAPE_GR075.fasta	3754STDY7197111|SC|contig000016	176	437	+	Col(MG828)_1	1-262/262	===============	0/0	100.00	94.28	plasmidfinder	NC_008486	Col(MG828)_1__NC_008486	
/tmp/euscape_fastas/EuSCAPE_GR094.fasta	61088_A05_unicycler|SC|contig000004	19052	19674	-	repB(R1701)_1	1-623/623	===============	0/0	100.00	99.20	plasmidfinder	CP039970	repB(R1701)_1__CP039970	
/tmp/euscape_fastas/EuSCAPE_GR094.fasta	61088_A05_unicycler|SC|contig000004	70806	71382	-	IncFII(pKPX1)	1-577/577	===============	0/0	100.00	100.00	plasmidfinder	AP012055	IncFII(pKPX1)__AP012055	
/tmp/euscape_fastas/EuSCAPE_GR094.fasta	61088_A05_unicycler|SC|contig000005	31118	31368	+	IncR_1	1-251/251	===============	0/0	100.00	100.00	plasmidfinder	DQ449578	IncR_1__DQ449578	
/tmp/euscape_fastas/EuSCAPE_GR094.fasta	61088_A05_unicycler|SC|contig000011	778	1164	-	IncFIA(HI1)_1_HI1	2-388/388	===============	0/0	99.74	98.45	plasmidfinder	AF250878	IncFIA(HI1)_1_HI1_AF250878	
/tmp/euscape_fastas/EuSCAPE_GR153.fasta	3754STDY7197113|SC|contig000002	300	859	-	repB_KLEB_VIR	1-560/560	===============	0/0	100.00	100.00	plasmidfinder	AP006726	repB_KLEB_VIR_AP006726	
/tmp/euscape_fastas/EuSCAPE_GR153.fasta	3754STDY7197113|SC|contig000002	198156	198725	-	IncHI1B_1_pNDM-MAR	1-570/570	===============	0/0	100.00	99.30	plasmidfinder	JN420336	IncHI1B_1_pNDM-MAR_JN420336	
/tmp/euscape_fastas/EuSCAPE_GR153.fasta	3754STDY7197113|SC|contig000003	217	956	+	IncFIB(pQil)_1_pQil	1-740/740	===============	0/0	100.00	100.00	plasmidfinder	JN233705	IncFIB(pQil)_1_pQil_JN233705	
/tmp/euscape_fastas/EuSCAPE_GR153.fasta	3754STDY7197113|SC|contig000003	49800	50235	-	IncFII(pAR0022)_1	7-442/442	===============	0/0	98.64	81.42	plasmidfinder	CP024882	IncFII(pAR0022)_1__CP024882	
/tmp/euscape_fastas/EuSCAPE_GR153.fasta	3754STDY7197113|SC|contig000003	50269	50507	-	IncFII_1_pKP91	1-230/230	========/======	4/9	100.00	87.87	plasmidfinder	CP000966	IncFII_1_pKP91_CP000966	
/tmp/euscape_fastas/EuSCAPE_GR158.fasta	60973_G01|SC|contig000002	300	859	-	IncFIB(K)_1_Kpn3	1-560/560	===============	0/0	100.00	100.00	plasmidfinder	JN233704	IncFIB(K)_1_Kpn3_JN233704	
/tmp/euscape_fastas/EuSCAPE_GR158.fasta	60973_G01|SC|contig000002	84954	85083	+	ColRNAI_1	1-130/130	===============	0/0	100.00	100.00	plasmidfinder	DQ298019	ColRNAI_1__DQ298019	
/tmp/euscape_fastas/EuSCAPE_GR158.fasta	60973_G01|SC|contig000002	157101	157536	-	IncFII(pAR0022)_1	7-442/442	===============	0/0	98.64	81.42	plasmidfinder	CP024882	IncFII(pAR0022)_1__CP024882	
/tmp/euscape_fastas/EuSCAPE_GR158.fasta	60973_G01|SC|contig000002	157570	157808	-	IncFII_1_pKP91	1-230/230	========/======	4/9	100.00	87.03	plasmidfinder	CP000966	IncFII_1_pKP91_CP000966	
/tmp/euscape_fastas/EuSCAPE_GR158.fasta	60973_G01|SC|contig000003	34180	34553	+	IncX3_1	1-374/374	===============	0/0	100.00	100.00	plasmidfinder	JN247852	IncX3_1__JN247852	
/tmp/euscape_fastas/EuSCAPE_GR158.fasta	60973_G01|SC|contig000004	176	437	+	Col(MG828)_1	1-262/262	===============	0/0	100.00	94.28	plasmidfinder	NC_008486	Col(MG828)_1__NC_008486	
/tmp/euscape_fastas/EuSCAPE_HU009.fasta	58882_D01_unicycler|SC|contig000001	659088	659710	-	repB(R1701)_1	1-623/623	===============	0/0	100.00	99.20	plasmidfinder	CP039970	repB(R1701)_1__CP039970	
/tmp/euscape_fastas/EuSCAPE_HU009.fasta	58882_D01_unicycler|SC|contig000002	300	859	-	IncFIB(K)_1_Kpn3	1-560/560	===============	0/0	100.00	99.11	plasmidfinder	JN233704	IncFIB(K)_1_Kpn3_JN233704	
/tmp/euscape_fastas/EuSCAPE_HU009.fasta	58882_D01_unicycler|SC|contig000002	80139	80359	-	IncFII_1_pKP91	10-230/230	===============	0/0	96.09	96.38	plasmidfinder	CP000966	IncFII_1_pKP91_CP000966	
/tmp/euscape_fastas/EuSCAPE_HU009.fasta	58882_D01_unicycler|SC|contig000003	37528	37778	-	IncR_1	1-251/251	===============	0/0	100.00	100.00	plasmidfinder	DQ449578	IncR_1__DQ449578	
/tmp/euscape_fastas/EuSCAPE_HU009.fasta	58882_D01_unicycler|SC|contig000005	1167	1297	+	Col(pHAD28)_1	1-131/131	===============	0/0	100.00	92.37	plasmidfinder	KU674895	Col(pHAD28)_1__KU674895	
/tmp/euscape_fastas/EuSCAPE_HU009.fasta	58882_D01_unicycler|SC|contig000006	726	983	-	Col(MG828)_1	1-258/262	===============	0/0	98.47	94.19	plasmidfinder	NC_008486	Col(MG828)_1__NC_008486	
/tmp/euscape_fastas/EuSCAPE_HU025.fasta	58678_C01_unicycler|SC|contig000002	300	859	-	IncFIB(K)_1_Kpn3	1-560/560	===============	0/0	100.00	99.11	plasmidfinder	JN233704	IncFIB(K)_1_Kpn3_JN233704	
/tmp/euscape_fastas/EuSCAPE_HU025.fasta	58678_C01_unicycler|SC|contig000002	127957	128177	-	IncFII_1_pKP91	10-230/230	===============	0/0	96.09	96.38	plasmidfinder	CP000966	IncFII_1_pKP91_CP000966	
/tmp/euscape_fastas/EuSCAPE_HU025.fasta	58678_C01_unicycler|SC|contig000003	19	641	+	repB(R1701)_1	1-623/623	===============	0/0	100.00	99.20	plasmidfinder	CP039970	repB(R1701)_1__CP039970	
/tmp/euscape_fastas/EuSCAPE_HU025.fasta	58678_C01_unicycler|SC|contig000003	13723	13973	-	IncR_1	1-251/251	===============	0/0	100.00	100.00	plasmidfinder	DQ449578	IncR_1__DQ449578	
/tmp/euscape_fastas/EuSCAPE_HU025.fasta	58678_C01_unicycler|SC|contig000003	48808	49194	-	IncFIA(HI1)_1_HI1	2-388/388	===============	0/0	99.74	98.45	plasmidfinder	AF250878	IncFIA(HI1)_1_HI1_AF250878	
/tmp/euscape_fastas/EuSCAPE_HU025.fasta	58678_C01_unicycler|SC|contig000005	3056	3186	-	Col(pHAD28)_1	1-131/131	===============	0/0	100.00	92.37	plasmidfinder	KU674895	Col(pHAD28)_1__KU674895	
/tmp/euscape_fastas/EuSCAPE_IE008.fasta	3754STDY7197107_unicycler|SC|contig000002	51757	52496	-	IncFIB(pQil)_1_pQil	1-740/740	===============	0/0	100.00	100.00	plasmidfinder	JN233705	IncFIB(pQil)_1_pQil_JN233705	
/tmp/euscape_fastas/EuSCAPE_IE008.fasta	3754STDY7197107_unicycler|SC|contig000002	117656	117894	+	IncFII_1_pKP91	1-230/230	========/======	4/9	100.00	87.87	plasmidfinder	CP000966	IncFII_1_pKP91_CP000966	
/tmp/euscape_fastas/EuSCAPE_IE024.fasta	3754STDY7197119|SC|contig000002	300	859	-	IncFIB(K)_1_Kpn3	1-560/560	===============	0/0	100.00	100.00	plasmidfinder	JN233704	IncFIB(K)_1_Kpn3_JN233704	
/tmp/euscape_fastas/EuSCAPE_IE024.fasta	3754STDY7197119|SC|contig000002	149080	149655	-	IncX5_2	1-576/576	===============	0/0	100.00	100.00	plasmidfinder	MF062700.1	IncX5_2__MF062700.1	
/tmp/euscape_fastas/EuSCAPE_IE024.fasta	3754STDY7197119|SC|contig000002	205946	206381	-	IncFII(pAR0022)_1	7-442/442	===============	0/0	98.64	81.42	plasmidfinder	CP024882	IncFII(pAR0022)_1__CP024882	
/tmp/euscape_fastas/EuSCAPE_IE024.fasta	3754STDY7197119|SC|contig000002	206415	206653	-	IncFII_1_pKP91	1-230/230	========/======	4/9	100.00	87.87	plasmidfinder	CP000966	IncFII_1_pKP91_CP000966	
/tmp/euscape_fastas/EuSCAPE_IE024.fasta	3754STDY7197119|SC|contig000003	2249	2378	-	ColRNAI_1	1-130/130	===============	0/0	100.00	100.00	plasmidfinder	DQ298019	ColRNAI_1__DQ298019	
/tmp/euscape_fastas/EuSCAPE_IL011.fasta	60258_E01|SC|contig000003	283	796	-	IncN_1	1-514/514	===============	0/0	100.00	99.22	plasmidfinder	AY046276	IncN_1__AY046276	
/tmp/euscape_fastas/EuSCAPE_IL011.fasta	60258_E01|SC|contig000004	41086	41645	-	IncFIB(K)_1_Kpn3	1-560/560	===============	0/0	100.00	100.00	plasmidfinder	JN233704	IncFIB(K)_1_Kpn3_JN233704	
/tmp/euscape_fastas/EuSCAPE_IL011.fasta	60258_E01|SC|contig000006	11018	11147	+	ColRNAI_1	1-130/130	===============	0/0	100.00	100.00	plasmidfinder	DQ298019	ColRNAI_1__DQ298019	
/tmp/euscape_fastas/EuSCAPE_IL012.fasta	3754STDY7197023|SC|contig000003	2813	2942	-	ColRNAI_1	1-130/130	===============	0/0	100.00	100.00	plasmidfinder	DQ298019	ColRNAI_1__DQ298019	
/tmp/euscape_fastas/EuSCAPE_IL046.fasta	3754STDY7197121|SC|contig000004	56	493	-	RepB_1_pC39	1-438/438	===============	0/0	100.00	99.54	plasmidfinder	CP061702.1	RepB_1_pC39_CP061702.1	
/tmp/euscape_fastas/EuSCAPE_IL046.fasta	3754STDY7197121|SC|contig000004	103310	103748	-	IncFIB(Mar)_1_pNDM-Mar	1-439/439	===============	0/0	100.00	100.00	plasmidfinder	JN420336	IncFIB(Mar)_1_pNDM-Mar_JN420336	
/tmp/euscape_fastas/EuSCAPE_IL046.fasta	3754STDY7197121|SC|contig000009	8710	9279	-	IncHI1B_1_pNDM-MAR	1-570/570	===============	0/0	100.00	99.47	plasmidfinder	JN420336	IncHI1B_1_pNDM-MAR_JN420336	
/tmp/euscape_fastas/EuSCAPE_IL046.fasta	3754STDY7197121|SC|contig000014	720	1162	-	repFIB_1_pC39	1-443/443	===============	0/0	100.00	97.97	plasmidfinder	CP061701	repFIB_1_pC39__CP061701	
/tmp/euscape_fastas/EuSCAPE_IL046.fasta	3754STDY7197121|SC|contig000014	8448	9007	+	IncFIB(K)(pCAV1099-114)_1	1-560/560	===============	0/0	100.00	99.64	plasmidfinder	CP011596	IncFIB(K)(pCAV1099-114)_1__CP011596	
/tmp/euscape_fastas/EuSCAPE_IL046.fasta	3754STDY7197121|SC|contig000020	1552	1676	+	ColRNAI_1	5-128/130	========/======	3/3	94.62	85.71	plasmidfinder	DQ298019	ColRNAI_1__DQ298019	
/tmp/euscape_fastas/EuSCAPE_IL058.fasta	3754STDY7197024|SC|contig000002	129886	130445	+	IncFIB(K)_1_Kpn3	1-560/560	===============	0/0	100.00	100.00	plasmidfinder	JN233704	IncFIB(K)_1_Kpn3_JN233704	
/tmp/euscape_fastas/EuSCAPE_IL058.fasta	3754STDY7197024|SC|contig000002	196949	197187	+	IncFII_1_pKP91	1-230/230	========/======	4/9	100.00	87.03	plasmidfinder	CP000966	IncFII_1_pKP91_CP000966	
/tmp/euscape_fastas/EuSCAPE_IL058.fasta	3754STDY7197024|SC|contig000002	197221	197656	+	IncFII(pAR0022)_1	7-442/442	===============	0/0	98.64	81.42	plasmidfinder	CP024882	IncFII(pAR0022)_1__CP024882	
/tmp/euscape_fastas/EuSCAPE_IL058.fasta	3754STDY7197024|SC|contig000002	245062	245575	+	IncN_1	1-514/514	===============	0/0	100.00	99.22	plasmidfinder	AY046276	IncN_1__AY046276	
/tmp/euscape_fastas/EuSCAPE_IL058.fasta	3754STDY7197024|SC|contig000003	2814	2943	-	ColRNAI_1	1-130/130	===============	0/0	100.00	100.00	plasmidfinder	DQ298019	ColRNAI_1__DQ298019	
/tmp/euscape_fastas/EuSCAPE_IL058.fasta	3754STDY7197024|SC|contig000006	1690	1818	-	Col(pHAD28)_1	1-129/131	===============	0/0	98.47	86.82	plasmidfinder	KU674895	Col(pHAD28)_1__KU674895	
/tmp/euscape_fastas/EuSCAPE_IL063.fasta	60973_F01|SC|contig000002	7214	7452	+	IncFII_1_pKP91	1-230/230	========/======	4/9	100.00	87.03	plasmidfinder	CP000966	IncFII_1_pKP91_CP000966	
/tmp/euscape_fastas/EuSCAPE_IL063.fasta	60973_F01|SC|contig000002	7486	7921	+	IncFII(pAR0022)_1	7-442/442	===============	0/0	98.64	81.42	plasmidfinder	CP024882	IncFII(pAR0022)_1__CP024882	
/tmp/euscape_fastas/EuSCAPE_IL063.fasta	60973_F01|SC|contig000002	144945	145504	+	IncFIB(K)_1_Kpn3	1-560/560	===============	0/0	100.00	100.00	plasmidfinder	JN233704	IncFIB(K)_1_Kpn3_JN233704	
/tmp/euscape_fastas/EuSCAPE_IL063.fasta	60973_F01|SC|contig000003	49100	49839	+	IncFIB(pQil)_1_pQil	1-740/740	===============	0/0	100.00	100.00	plasmidfinder	JN233705	IncFIB(pQil)_1_pQil_JN233705	
/tmp/euscape_fastas/EuSCAPE_IL063.fasta	60973_F01|SC|contig000003	94704	95139	-	IncFII(pAR0022)_1	7-442/442	===============	0/0	98.64	81.42	plasmidfinder	CP024882	IncFII(pAR0022)_1__CP024882	
/tmp/euscape_fastas/EuSCAPE_IL063.fasta	60973_F01|SC|contig000003	95173	95411	-	IncFII_1_pKP91	1-230/230	========/======	4/9	100.00	87.87	plasmidfinder	CP000966	IncFII_1_pKP91_CP000966	
/tmp/euscape_fastas/EuSCAPE_IL063.fasta	60973_F01|SC|contig000004	31294	31667	+	IncX3_1	1-374/374	===============	0/0	100.00	100.00	plasmidfinder	JN247852	IncX3_1__JN247852	
/tmp/euscape_fastas/EuSCAPE_IL063.fasta	60973_F01|SC|contig000005	1350	1479	-	ColRNAI_1	1-130/130	===============	0/0	100.00	100.00	plasmidfinder	DQ298019	ColRNAI_1__DQ298019	
/tmp/euscape_fastas/EuSCAPE_IL075.fasta	3754STDY7197011_unicycler_depthfilter_0.1|SC|contig000002	27981	28720	-	IncFIB(pQil)_1_pQil	1-740/740	===============	0/0	100.00	100.00	plasmidfinder	JN233705	IncFIB(pQil)_1_pQil_JN233705	
/tmp/euscape_fastas/EuSCAPE_IL075.fasta	3754STDY7197011_unicycler_depthfilter_0.1|SC|contig000002	93880	94118	+	IncFII_1_pKP91	1-230/230	========/======	4/9	100.00	87.87	plasmidfinder	CP000966	IncFII_1_pKP91_CP000966	
/tmp/euscape_fastas/EuSCAPE_IL075.fasta	3754STDY7197011_unicycler_depthfilter_0.1|SC|contig000003	66103	66662	+	IncFIB(K)_1_Kpn3	1-560/560	===============	0/0	100.00	100.00	plasmidfinder	JN233704	IncFIB(K)_1_Kpn3_JN233704	
/tmp/euscape_fastas/EuSCAPE_IL075.fasta	3754STDY7197011_unicycler_depthfilter_0.1|SC|contig000007	2380	2660	+	Col440II_1	2-282/282	===============	0/0	99.65	90.75	plasmidfinder	CP023921.1	Col440II_1__CP023921.1	
/tmp/euscape_fastas/EuSCAPE_IL075.fasta	3754STDY7197011_unicycler_depthfilter_0.1|SC|contig000007	3244	3359	+	Col(pHAD28)_1	1-116/131	==============.	0/0	88.55	93.10	plasmidfinder	KU674895	Col(pHAD28)_1__KU674895	
/tmp/euscape_fastas/EuSCAPE_IL075.fasta	3754STDY7197011_unicycler_depthfilter_0.1|SC|contig000008	62	192	+	Col(pHAD28)_1	1-131/131	===============	0/0	100.00	94.66	plasmidfinder	KU674895	Col(pHAD28)_1__KU674895	
/tmp/euscape_fastas/EuSCAPE_IL077.fasta	3754STDY7197022|SC|contig000003	15071	15506	-	IncFII(pAR0022)_1	7-442/442	===============	0/0	98.64	81.42	plasmidfinder	CP024882	IncFII(pAR0022)_1__CP024882	
/tmp/euscape_fastas/EuSCAPE_IL077.fasta	3754STDY7197022|SC|contig000003	15540	15778	-	IncFII_1_pKP91	1-230/230	========/======	4/9	100.00	87.03	plasmidfinder	CP000966	IncFII_1_pKP91_CP000966	
/tmp/euscape_fastas/EuSCAPE_IL077.fasta	3754STDY7197022|SC|contig000003	57623	58182	+	IncFIB(K)_1_Kpn3	1-560/560	===============	0/0	100.00	100.00	plasmidfinder	JN233704	IncFIB(K)_1_Kpn3_JN233704	
/tmp/euscape_fastas/EuSCAPE_IL077.fasta	3754STDY7197022|SC|contig000005	39	552	+	IncN_1	1-514/514	===============	0/0	100.00	99.22	plasmidfinder	AY046276	IncN_1__AY046276	
/tmp/euscape_fastas/EuSCAPE_IL077.fasta	3754STDY7197022|SC|contig000009	2813	2942	-	ColRNAI_1	1-130/130	===============	0/0	100.00	100.00	plasmidfinder	DQ298019	ColRNAI_1__DQ298019	
/tmp/euscape_fastas/EuSCAPE_IT013.fasta	3754STDY7197020|SC|contig000002	4095	4654	+	IncFIB(K)_1_Kpn3	1-560/560	===============	0/0	100.00	100.00	plasmidfinder	JN233704	IncFIB(K)_1_Kpn3_JN233704	
/tmp/euscape_fastas/EuSCAPE_IT013.fasta	3754STDY7197020|SC|contig000002	72371	72609	+	IncFII_1_pKP91	1-230/230	========/======	4/9	100.00	87.03	plasmidfinder	CP000966	IncFII_1_pKP91_CP000966	
/tmp/euscape_fastas/EuSCAPE_IT013.fasta	3754STDY7197020|SC|contig000002	72643	73078	+	IncFII(pAR0022)_1	7-442/442	===============	0/0	98.64	81.19	plasmidfinder	CP024882	IncFII(pAR0022)_1__CP024882	
/tmp/euscape_fastas/EuSCAPE_IT013.fasta	3754STDY7197020|SC|contig000002	108696	109435	-	IncFIB(pQil)_1_pQil	1-740/740	===============	0/0	100.00	100.00	plasmidfinder	JN233705	IncFIB(pQil)_1_pQil_JN233705	
/tmp/euscape_fastas/EuSCAPE_IT013.fasta	3754STDY7197020|SC|contig000005	13320	13693	+	IncX3_1	1-374/374	===============	0/0	100.00	100.00	plasmidfinder	JN247852	IncX3_1__JN247852	
/tmp/euscape_fastas/EuSCAPE_IT013.fasta	3754STDY7197020|SC|contig000007	1222	1351	+	ColRNAI_1	1-130/130	===============	0/0	100.00	100.00	plasmidfinder	DQ298019	ColRNAI_1__DQ298019	
/tmp/euscape_fastas/EuSCAPE_IT030.fasta	61088_D05|SC|contig000002	217	956	+	IncFIB(pQil)_1_pQil	1-740/740	===============	0/0	100.00	100.00	plasmidfinder	JN233705	IncFIB(pQil)_1_pQil_JN233705	
/tmp/euscape_fastas/EuSCAPE_IT030.fasta	61088_D05|SC|contig000002	49800	50235	-	IncFII(pAR0022)_1	7-442/442	===============	0/0	98.64	81.42	plasmidfinder	CP024882	IncFII(pAR0022)_1__CP024882	
/tmp/euscape_fastas/EuSCAPE_IT030.fasta	61088_D05|SC|contig000002	50269	50507	-	IncFII_1_pKP91	1-230/230	========/======	4/9	100.00	87.87	plasmidfinder	CP000966	IncFII_1_pKP91_CP000966	
/tmp/euscape_fastas/EuSCAPE_IT030.fasta	61088_D05|SC|contig000003	1998	2258	-	IncFII_1	1-261/261	===============	0/0	100.00	100.00	plasmidfinder	AY458016	IncFII_1__AY458016	
/tmp/euscape_fastas/EuSCAPE_IT030.fasta	61088_D05|SC|contig000004	31371	31744	+	IncX3_1	1-374/374	===============	0/0	100.00	100.00	plasmidfinder	JN247852	IncX3_1__JN247852	
/tmp/euscape_fastas/EuSCAPE_IT030.fasta	61088_D05|SC|contig000005	6267	6396	+	ColRNAI_1	1-130/130	===============	0/0	100.00	100.00	plasmidfinder	DQ298019	ColRNAI_1__DQ298019	
/tmp/euscape_fastas/EuSCAPE_IT062.fasta	61088_B05_unicycler|SC|contig000002	300	859	-	IncFIB(K)_1_Kpn3	1-560/560	===============	0/0	100.00	98.93	plasmidfinder	JN233704	IncFIB(K)_1_Kpn3_JN233704	
/tmp/euscape_fastas/EuSCAPE_IT062.fasta	61088_B05_unicycler|SC|contig000002	163115	163335	-	IncFII_1_pKP91	10-230/230	===============	0/0	96.09	96.83	plasmidfinder	CP000966	IncFII_1_pKP91_CP000966	
/tmp/euscape_fastas/EuSCAPE_IT062.fasta	61088_B05_unicycler|SC|contig000003	45	461	+	IncA/C_1	1-417/417	===============	0/0	100.00	98.32	plasmidfinder	FJ705807	IncA/C_1__FJ705807	
/tmp/euscape_fastas/EuSCAPE_IT062.fasta	61088_B05_unicycler|SC|contig000007	3024	3154	-	Col(pHAD28)_1	1-131/131	===============	0/0	100.00	92.37	plasmidfinder	KU674895	Col(pHAD28)_1__KU674895	
/tmp/euscape_fastas/EuSCAPE_IT100.fasta	3754STDY7197029|SC|contig000002	88648	89021	+	IncX3_1	1-374/374	===============	0/0	100.00	100.00	plasmidfinder	JN247852	IncX3_1__JN247852	
/tmp/euscape_fastas/EuSCAPE_IT100.fasta	3754STDY7197029|SC|contig000002	171172	171731	+	IncFIB(K)_1_Kpn3	1-560/560	===============	0/0	100.00	100.00	plasmidfinder	JN233704	IncFIB(K)_1_Kpn3_JN233704	
/tmp/euscape_fastas/EuSCAPE_IT100.fasta	3754STDY7197029|SC|contig000003	4330	4568	+	IncFII_1_pKP91	1-230/230	========/======	4/9	100.00	87.87	plasmidfinder	CP000966	IncFII_1_pKP91_CP000966	
/tmp/euscape_fastas/EuSCAPE_IT100.fasta	3754STDY7197029|SC|contig000003	4602	5037	+	IncFII(pAR0022)_1	7-442/442	===============	0/0	98.64	81.65	plasmidfinder	CP024882	IncFII(pAR0022)_1__CP024882	
/tmp/euscape_fastas/EuSCAPE_IT100.fasta	3754STDY7197029|SC|contig000003	40655	41394	-	IncFIB(pQil)_1_pQil	1-740/740	===============	0/0	100.00	100.00	plasmidfinder	JN233705	IncFIB(pQil)_1_pQil_JN233705	
/tmp/euscape_fastas/EuSCAPE_IT100.fasta	3754STDY7197029|SC|contig000006	6398	6636	+	IncFII_1_pKP91	1-230/230	========/======	4/9	100.00	87.03	plasmidfinder	CP000966	IncFII_1_pKP91_CP000966	
/tmp/euscape_fastas/EuSCAPE_IT100.fasta	3754STDY7197029|SC|contig000008	2178	2308	-	Col(pHAD28)_1	1-131/131	===============	0/0	100.00	94.66	plasmidfinder	KU674895	Col(pHAD28)_1__KU674895	
/tmp/euscape_fastas/EuSCAPE_IT152.fasta	61088_F05|SC|contig000002	4788	5026	+	IncFII_1_pKP91	1-230/230	========/======	4/9	100.00	87.03	plasmidfinder	CP000966	IncFII_1_pKP91_CP000966	
/tmp/euscape_fastas/EuSCAPE_IT152.fasta	61088_F05|SC|contig000002	5060	5495	+	IncFII(pAR0022)_1	7-442/442	===============	0/0	98.64	81.42	plasmidfinder	CP024882	IncFII(pAR0022)_1__CP024882	
/tmp/euscape_fastas/EuSCAPE_IT152.fasta	61088_F05|SC|contig000002	142519	143078	+	IncFIB(K)_1_Kpn3	1-560/560	===============	0/0	100.00	100.00	plasmidfinder	JN233704	IncFIB(K)_1_Kpn3_JN233704	
/tmp/euscape_fastas/EuSCAPE_IT152.fasta	61088_F05|SC|contig000003	217	956	+	IncFIB(pQil)_1_pQil	1-740/740	===============	0/0	100.00	100.00	plasmidfinder	JN233705	IncFIB(pQil)_1_pQil_JN233705	
/tmp/euscape_fastas/EuSCAPE_IT152.fasta	61088_F05|SC|contig000004	11018	11147	+	ColRNAI_1	1-130/130	===============	0/0	100.00	100.00	plasmidfinder	DQ298019	ColRNAI_1__DQ298019	
/tmp/euscape_fastas/EuSCAPE_IT166.fasta	3754STDY7197016|SC|contig000002	4389	4948	-	IncFIB(K)_1_Kpn3	1-560/560	===============	0/0	100.00	100.00	plasmidfinder	JN233704	IncFIB(K)_1_Kpn3_JN233704	
/tmp/euscape_fastas/EuSCAPE_IT166.fasta	3754STDY7197016|SC|contig000002	141766	142201	-	IncFII(pAR0022)_1	7-442/442	===============	0/0	98.64	81.42	plasmidfinder	CP024882	IncFII(pAR0022)_1__CP024882	
/tmp/euscape_fastas/EuSCAPE_IT166.fasta	3754STDY7197016|SC|contig000002	142235	142473	-	IncFII_1_pKP91	1-230/230	========/======	4/9	100.00	87.03	plasmidfinder	CP000966	IncFII_1_pKP91_CP000966	
/tmp/euscape_fastas/EuSCAPE_IT166.fasta	3754STDY7197016|SC|contig000003	15139	15878	+	IncFIB(pQil)_1_pQil	1-740/740	===============	0/0	100.00	100.00	plasmidfinder	JN233705	IncFIB(pQil)_1_pQil_JN233705	
/tmp/euscape_fastas/EuSCAPE_IT166.fasta	3754STDY7197016|SC|contig000007	9624	9753	+	ColRNAI_1	1-130/130	===============	0/0	100.00	100.00	plasmidfinder	DQ298019	ColRNAI_1__DQ298019	
/tmp/euscape_fastas/EuSCAPE_IT178.fasta	60258_F01|SC|contig000004	37332	37570	+	IncFII_1_pKP91	1-230/230	========/======	4/9	100.00	87.03	plasmidfinder	CP000966	IncFII_1_pKP91_CP000966	
/tmp/euscape_fastas/EuSCAPE_IT178.fasta	60258_F01|SC|contig000004	37604	38039	+	IncFII(pAR0022)_1	7-442/442	===============	0/0	98.64	81.42	plasmidfinder	CP024882	IncFII(pAR0022)_1__CP024882	
/tmp/euscape_fastas/EuSCAPE_IT178.fasta	60258_F01|SC|contig000005	11632	12371	-	IncFIB(pQil)_1_pQil	1-740/740	===============	0/0	100.00	100.00	plasmidfinder	JN233705	IncFIB(pQil)_1_pQil_JN233705	
/tmp/euscape_fastas/EuSCAPE_IT178.fasta	60258_F01|SC|contig000006	32926	33299	+	IncX3_1	1-374/374	===============	0/0	100.00	100.00	plasmidfinder	JN247852	IncX3_1__JN247852	
/tmp/euscape_fastas/EuSCAPE_IT178.fasta	60258_F01|SC|contig000007	12121	12680	-	IncFIB(K)_1_Kpn3	1-560/560	===============	0/0	100.00	100.00	plasmidfinder	JN233704	IncFIB(K)_1_Kpn3_JN233704	
/tmp/euscape_fastas/EuSCAPE_IT178.fasta	60258_F01|SC|contig000012	9624	9753	+	ColRNAI_1	1-130/130	===============	0/0	100.00	100.00	plasmidfinder	DQ298019	ColRNAI_1__DQ298019	
/tmp/euscape_fastas/EuSCAPE_IT222.fasta	3754STDY7197017|SC|contig000002	300	859	-	IncFIB(K)_1_Kpn3	1-560/560	===============	0/0	100.00	100.00	plasmidfinder	JN233704	IncFIB(K)_1_Kpn3_JN233704	
/tmp/euscape_fastas/EuSCAPE_IT222.fasta	3754STDY7197017|SC|contig000002	143859	144294	-	IncFII(pAR0022)_1	7-442/442	===============	0/0	98.64	81.42	plasmidfinder	CP024882	IncFII(pAR0022)_1__CP024882	
/tmp/euscape_fastas/EuSCAPE_IT222.fasta	3754STDY7197017|SC|contig000002	144328	144566	-	IncFII_1_pKP91	1-230/230	========/======	4/9	100.00	87.03	plasmidfinder	CP000966	IncFII_1_pKP91_CP000966	
/tmp/euscape_fastas/EuSCAPE_IT222.fasta	3754STDY7197017|SC|contig000003	1350	1479	-	ColRNAI_1	1-130/130	===============	0/0	100.00	100.00	plasmidfinder	DQ298019	ColRNAI_1__DQ298019	
/tmp/euscape_fastas/EuSCAPE_IT242.fasta	60325_D01|SC|contig000002	217	956	+	IncFIB(pQil)_1_pQil	1-740/740	===============	0/0	100.00	100.00	plasmidfinder	JN233705	IncFIB(pQil)_1_pQil_JN233705	
/tmp/euscape_fastas/EuSCAPE_IT242.fasta	60325_D01|SC|contig000002	36574	37009	-	IncFII(pAR0022)_1	7-442/442	===============	0/0	98.64	81.42	plasmidfinder	CP024882	IncFII(pAR0022)_1__CP024882	
/tmp/euscape_fastas/EuSCAPE_IT242.fasta	60325_D01|SC|contig000002	37043	37281	-	IncFII_1_pKP91	1-230/230	========/======	4/9	100.00	87.87	plasmidfinder	CP000966	IncFII_1_pKP91_CP000966	
/tmp/euscape_fastas/EuSCAPE_IT242.fasta	60325_D01|SC|contig000003	39	552	+	IncN_1	1-514/514	===============	0/0	100.00	99.22	plasmidfinder	AY046276	IncN_1__AY046276	
/tmp/euscape_fastas/EuSCAPE_IT242.fasta	60325_D01|SC|contig000004	8004	8133	-	ColRNAI_1	1-130/130	===============	0/0	100.00	100.00	plasmidfinder	DQ298019	ColRNAI_1__DQ298019	
/tmp/euscape_fastas/EuSCAPE_IT258.fasta	61088_E05|SC|contig000002	300	859	-	IncFIB(K)_1_Kpn3	1-560/560	===============	0/0	100.00	100.00	plasmidfinder	JN233704	IncFIB(K)_1_Kpn3_JN233704	
/tmp/euscape_fastas/EuSCAPE_IT258.fasta	61088_E05|SC|contig000002	137883	138318	-	IncFII(pAR0022)_1	7-442/442	===============	0/0	98.64	81.42	plasmidfinder	CP024882	IncFII(pAR0022)_1__CP024882	
/tmp/euscape_fastas/EuSCAPE_IT258.fasta	61088_E05|SC|contig000002	138352	138590	-	IncFII_1_pKP91	1-230/230	========/======	4/9	100.00	87.03	plasmidfinder	CP000966	IncFII_1_pKP91_CP000966	
/tmp/euscape_fastas/EuSCAPE_IT258.fasta	61088_E05|SC|contig000003	217	956	+	IncFIB(pQil)_1_pQil	1-740/740	===============	0/0	100.00	100.00	plasmidfinder	JN233705	IncFIB(pQil)_1_pQil_JN233705	
/tmp/euscape_fastas/EuSCAPE_IT258.fasta	61088_E05|SC|contig000004	31374	31747	+	IncX3_1	1-374/374	===============	0/0	100.00	100.00	plasmidfinder	JN247852	IncX3_1__JN247852	
/tmp/euscape_fastas/EuSCAPE_IT258.fasta	61088_E05|SC|contig000005	9624	9753	+	ColRNAI_1	1-130/130	===============	0/0	100.00	100.00	plasmidfinder	DQ298019	ColRNAI_1__DQ298019	
/tmp/euscape_fastas/EuSCAPE_IT266.fasta	61088_G05|SC|contig000003	300	859	-	IncFIB(K)_1_Kpn3	1-560/560	===============	0/0	100.00	100.00	plasmidfinder	JN233704	IncFIB(K)_1_Kpn3_JN233704	
/tmp/euscape_fastas/EuSCAPE_IT266.fasta	61088_G05|SC|contig000003	129345	129780	-	IncFII(pAR0022)_1	7-442/442	===============	0/0	98.64	81.42	plasmidfinder	CP024882	IncFII(pAR0022)_1__CP024882	
/tmp/euscape_fastas/EuSCAPE_IT266.fasta	61088_G05|SC|contig000003	129814	130052	-	IncFII_1_pKP91	1-230/230	========/======	4/9	100.00	87.03	plasmidfinder	CP000966	IncFII_1_pKP91_CP000966	
/tmp/euscape_fastas/EuSCAPE_IT266.fasta	61088_G05|SC|contig000004	45	461	+	IncA/C2_1	1-417/417	===============	0/0	100.00	100.00	plasmidfinder	JN157804	IncA/C2_1__JN157804	
/tmp/euscape_fastas/EuSCAPE_IT266.fasta	61088_G05|SC|contig000006	22676	23049	-	IncX3_1	1-374/374	===============	0/0	100.00	100.00	plasmidfinder	JN247852	IncX3_1__JN247852	
/tmp/euscape_fastas/EuSCAPE_IT266.fasta	61088_G05|SC|contig000010	6668	6797	+	ColRNAI_1	1-130/130	===============	0/0	100.00	100.00	plasmidfinder	DQ298019	ColRNAI_1__DQ298019	
/tmp/euscape_fastas/EuSCAPE_IT278.fasta	60325_B01|SC|contig000002	49858	50293	-	IncFII(pAR0022)_1	7-442/442	===============	0/0	98.64	81.42	plasmidfinder	CP024882	IncFII(pAR0022)_1__CP024882	
/tmp/euscape_fastas/EuSCAPE_IT278.fasta	60325_B01|SC|contig000002	50327	50565	-	IncFII_1_pKP91	1-230/230	========/======	4/9	100.00	87.03	plasmidfinder	CP000966	IncFII_1_pKP91_CP000966	
/tmp/euscape_fastas/EuSCAPE_IT278.fasta	60325_B01|SC|contig000002	120306	120865	-	IncFIB(K)_1_Kpn3	1-560/560	===============	0/0	100.00	100.00	plasmidfinder	JN233704	IncFIB(K)_1_Kpn3_JN233704	
/tmp/euscape_fastas/EuSCAPE_IT278.fasta	60325_B01|SC|contig000003	46075	46814	-	IncFIB(pQil)_1_pQil	1-740/740	===============	0/0	100.00	100.00	plasmidfinder	JN233705	IncFIB(pQil)_1_pQil_JN233705	
/tmp/euscape_fastas/EuSCAPE_IT278.fasta	60325_B01|SC|contig000004	5247	5620	-	IncX3_1	1-374/374	===============	0/0	100.00	100.00	plasmidfinder	JN247852	IncX3_1__JN247852	
/tmp/euscape_fastas/EuSCAPE_IT278.fasta	60325_B01|SC|contig000005	5984	6113	+	ColRNAI_1	1-130/130	===============	0/0	100.00	100.00	plasmidfinder	DQ298019	ColRNAI_1__DQ298019	
/tmp/euscape_fastas/EuSCAPE_IT288.fasta	60325_C01|SC|contig000002	51741	52300	-	IncFIB(K)_1_Kpn3	1-560/560	===============	0/0	100.00	100.00	plasmidfinder	JN233704	IncFIB(K)_1_Kpn3_JN233704	
/tmp/euscape_fastas/EuSCAPE_IT288.fasta	60325_C01|SC|contig000003	4330	4568	+	IncFII_1_pKP91	1-230/230	========/======	4/9	100.00	87.87	plasmidfinder	CP000966	IncFII_1_pKP91_CP000966	
/tmp/euscape_fastas/EuSCAPE_IT288.fasta	60325_C01|SC|contig000003	4602	5037	+	IncFII(pAR0022)_1	7-442/442	===============	0/0	98.64	81.42	plasmidfinder	CP024882	IncFII(pAR0022)_1__CP024882	
/tmp/euscape_fastas/EuSCAPE_IT288.fasta	60325_C01|SC|contig000003	40655	41394	-	IncFIB(pQil)_1_pQil	1-740/740	===============	0/0	100.00	100.00	plasmidfinder	JN233705	IncFIB(pQil)_1_pQil_JN233705	
/tmp/euscape_fastas/EuSCAPE_IT288.fasta	60325_C01|SC|contig000004	39	552	+	IncN_1	1-514/514	===============	0/0	100.00	99.22	plasmidfinder	AY046276	IncN_1__AY046276	
/tmp/euscape_fastas/EuSCAPE_IT288.fasta	60325_C01|SC|contig000005	58205	58640	-	IncFII(pAR0022)_1	7-442/442	===============	0/0	98.64	81.42	plasmidfinder	CP024882	IncFII(pAR0022)_1__CP024882	
/tmp/euscape_fastas/EuSCAPE_IT288.fasta	60325_C01|SC|contig000005	58674	58912	-	IncFII_1_pKP91	1-230/230	========/======	4/9	100.00	87.03	plasmidfinder	CP000966	IncFII_1_pKP91_CP000966	
/tmp/euscape_fastas/EuSCAPE_IT288.fasta	60325_C01|SC|contig000006	10024	10153	-	ColRNAI_1	1-130/130	===============	0/0	100.00	100.00	plasmidfinder	DQ298019	ColRNAI_1__DQ298019	
/tmp/euscape_fastas/EuSCAPE_IT288.fasta	60325_C01|SC|contig000009	176	437	+	Col(MG828)_1	1-262/262	===============	0/0	100.00	93.13	plasmidfinder	NC_008486	Col(MG828)_1__NC_008486	
/tmp/euscape_fastas/EuSCAPE_IT300.fasta	3754STDY7197018|SC|contig000002	300	859	-	IncFIB(K)_1_Kpn3	1-560/560	===============	0/0	100.00	100.00	plasmidfinder	JN233704	IncFIB(K)_1_Kpn3_JN233704	
/tmp/euscape_fastas/EuSCAPE_IT300.fasta	3754STDY7197018|SC|contig000002	137883	138318	-	IncFII(pAR0022)_1	7-442/442	===============	0/0	98.64	81.65	plasmidfinder	CP024882	IncFII(pAR0022)_1__CP024882	
/tmp/euscape_fastas/EuSCAPE_IT300.fasta	3754STDY7197018|SC|contig000002	138352	138590	-	IncFII_1_pKP91	1-230/230	========/======	4/9	100.00	87.45	plasmidfinder	CP000966	IncFII_1_pKP91_CP000966	
/tmp/euscape_fastas/EuSCAPE_IT300.fasta	3754STDY7197018|SC|contig000003	23625	24364	-	IncFIB(pQil)_1_pQil	1-740/740	===============	0/0	100.00	100.00	plasmidfinder	JN233705	IncFIB(pQil)_1_pQil_JN233705	
/tmp/euscape_fastas/EuSCAPE_IT300.fasta	3754STDY7197018|SC|contig000004	13412	13785	+	IncX3_1	1-374/374	===============	0/0	100.00	100.00	plasmidfinder	JN247852	IncX3_1__JN247852	
/tmp/euscape_fastas/EuSCAPE_IT300.fasta	3754STDY7197018|SC|contig000006	10024	10153	-	ColRNAI_1	1-130/130	===============	0/0	100.00	100.00	plasmidfinder	DQ298019	ColRNAI_1__DQ298019	
/tmp/euscape_fastas/EuSCAPE_IT300.fasta	3754STDY7197018|SC|contig000007	2766	3201	-	IncFII(pAR0022)_1	7-442/442	===============	0/0	98.64	81.42	plasmidfinder	CP024882	IncFII(pAR0022)_1__CP024882	
/tmp/euscape_fastas/EuSCAPE_IT300.fasta	3754STDY7197018|SC|contig000007	3235	3473	-	IncFII_1_pKP91	1-230/230	========/======	4/9	100.00	87.87	plasmidfinder	CP000966	IncFII_1_pKP91_CP000966	
/tmp/euscape_fastas/EuSCAPE_IT312.fasta	58882_B01_unicycler|SC|contig000002	300	859	-	IncFIB(K)_1_Kpn3	1-560/560	===============	0/0	100.00	98.93	plasmidfinder	JN233704	IncFIB(K)_1_Kpn3_JN233704	
/tmp/euscape_fastas/EuSCAPE_IT312.fasta	58882_B01_unicycler|SC|contig000002	172245	172680	-	IncFII(pAR0022)_1	7-442/442	===============	0/0	98.64	81.42	plasmidfinder	CP024882	IncFII(pAR0022)_1__CP024882	
/tmp/euscape_fastas/EuSCAPE_IT312.fasta	58882_B01_unicycler|SC|contig000002	172714	172952	-	IncFII_1_pKP91	1-230/230	========/======	4/9	100.00	87.87	plasmidfinder	CP000966	IncFII_1_pKP91_CP000966	
/tmp/euscape_fastas/EuSCAPE_IT312.fasta	58882_B01_unicycler|SC|contig000003	39	552	+	IncN_1	1-514/514	===============	0/0	100.00	99.61	plasmidfinder	AY046276	IncN_1__AY046276	
/tmp/euscape_fastas/EuSCAPE_IT312.fasta	58882_B01_unicycler|SC|contig000004	780	906	-	Col(pHAD28)_1	5-131/131	===============	0/0	96.95	88.98	plasmidfinder	KU674895	Col(pHAD28)_1__KU674895	
/tmp/euscape_fastas/EuSCAPE_IT370.fasta	3754STDY7197116|SC|contig000002	39527	39765	+	IncFII_1_pKP91	1-230/230	========/======	4/9	100.00	87.87	plasmidfinder	CP000966	IncFII_1_pKP91_CP000966	
/tmp/euscape_fastas/EuSCAPE_IT370.fasta	3754STDY7197116|SC|contig000002	39799	40234	+	IncFII(pAR0022)_1	7-442/442	===============	0/0	98.64	81.42	plasmidfinder	CP024882	IncFII(pAR0022)_1__CP024882	
/tmp/euscape_fastas/EuSCAPE_IT370.fasta	3754STDY7197116|SC|contig000006	11632	12371	-	IncFIB(pQil)_1_pQil	1-740/740	===============	0/0	100.00	100.00	plasmidfinder	JN233705	IncFIB(pQil)_1_pQil_JN233705	
/tmp/euscape_fastas/EuSCAPE_IT370.fasta	3754STDY7197116|SC|contig000008	7871	8430	-	IncFIB(K)_1_Kpn3	1-560/560	===============	0/0	100.00	100.00	plasmidfinder	JN233704	IncFIB(K)_1_Kpn3_JN233704	
/tmp/euscape_fastas/EuSCAPE_IT370.fasta	3754STDY7197116|SC|contig000012	4247	4620	+	IncX3_1	1-374/374	===============	0/0	100.00	100.00	plasmidfinder	JN247852	IncX3_1__JN247852	
/tmp/euscape_fastas/EuSCAPE_IT386.fasta	3754STDY7197028|SC|contig000005	4095	4654	+	IncFIB(K)_1_Kpn3	1-560/560	===============	0/0	100.00	100.00	plasmidfinder	JN233704	IncFIB(K)_1_Kpn3_JN233704	
/tmp/euscape_fastas/EuSCAPE_IT386.fasta	3754STDY7197028|SC|contig000007	3567	4306	-	IncFIB(pQil)_1_pQil	1-740/740	===============	0/0	100.00	100.00	plasmidfinder	JN233705	IncFIB(pQil)_1_pQil_JN233705	
/tmp/euscape_fastas/EuSCAPE_IT386.fasta	3754STDY7197028|SC|contig000009	4330	4568	+	IncFII_1_pKP91	1-230/230	========/======	4/9	100.00	87.87	plasmidfinder	CP000966	IncFII_1_pKP91_CP000966	
/tmp/euscape_fastas/EuSCAPE_IT386.fasta	3754STDY7197028|SC|contig000009	4602	5037	+	IncFII(pAR0022)_1	7-442/442	===============	0/0	98.64	81.42	plasmidfinder	CP024882	IncFII(pAR0022)_1__CP024882	
/tmp/euscape_fastas/EuSCAPE_IT386.fasta	3754STDY7197028|SC|contig000013	1253	1688	-	IncFII(pAR0022)_1	7-442/442	===============	0/0	98.64	81.42	plasmidfinder	CP024882	IncFII(pAR0022)_1__CP024882	
/tmp/euscape_fastas/EuSCAPE_IT386.fasta	3754STDY7197028|SC|contig000013	1722	1960	-	IncFII_1_pKP91	1-230/230	========/======	4/9	100.00	87.03	plasmidfinder	CP000966	IncFII_1_pKP91_CP000966	
/tmp/euscape_fastas/EuSCAPE_LU008.fasta	3754STDY7197109|SC|contig000005	32346	32905	-	IncFIB(K)_1_Kpn3	1-560/560	===============	0/0	100.00	98.93	plasmidfinder	JN233704	IncFIB(K)_1_Kpn3_JN233704	
/tmp/euscape_fastas/EuSCAPE_LU008.fasta	3754STDY7197109|SC|contig000005	129649	130084	-	IncFII(pAR0022)_1	7-442/442	===============	0/0	98.64	81.42	plasmidfinder	CP024882	IncFII(pAR0022)_1__CP024882	
/tmp/euscape_fastas/EuSCAPE_LU008.fasta	3754STDY7197109|SC|contig000005	130118	130356	-	IncFII_1_pKP91	1-230/230	========/======	4/9	100.00	87.87	plasmidfinder	CP000966	IncFII_1_pKP91_CP000966	
/tmp/euscape_fastas/EuSCAPE_LU008.fasta	3754STDY7197109|SC|contig000008	6397	6635	+	IncFII_1_pKP91	1-230/230	========/======	4/9	100.00	87.03	plasmidfinder	CP000966	IncFII_1_pKP91_CP000966	
/tmp/euscape_fastas/EuSCAPE_LU008.fasta	3754STDY7197109|SC|contig000008	6669	7104	+	IncFII(pAR0022)_1	7-442/442	===============	0/0	98.64	81.42	plasmidfinder	CP024882	IncFII(pAR0022)_1__CP024882	
/tmp/euscape_fastas/EuSCAPE_LU008.fasta	3754STDY7197109|SC|contig000008	54978	55717	-	IncFIB(pQil)_1_pQil	1-740/740	===============	0/0	100.00	100.00	plasmidfinder	JN233705	IncFIB(pQil)_1_pQil_JN233705	
/tmp/euscape_fastas/EuSCAPE_LU008.fasta	3754STDY7197109|SC|contig000017	1153	1283	-	Col(pHAD28)_1	1-131/131	===============	0/0	100.00	92.37	plasmidfinder	KU674895	Col(pHAD28)_1__KU674895	
/tmp/euscape_fastas/EuSCAPE_LU018.fasta	3754STDY7197014|SC|contig000003	57025	57460	-	IncFII(pAR0022)_1	7-442/442	===============	0/0	98.64	81.42	plasmidfinder	CP024882	IncFII(pAR0022)_1__CP024882	
/tmp/euscape_fastas/EuSCAPE_LU018.fasta	3754STDY7197014|SC|contig000003	57494	57732	-	IncFII_1_pKP91	1-230/230	========/======	4/9	100.00	87.87	plasmidfinder	CP000966	IncFII_1_pKP91_CP000966	
/tmp/euscape_fastas/EuSCAPE_LU018.fasta	3754STDY7197014|SC|contig000003	131536	132095	-	IncFIB(K)_1_Kpn3	1-560/560	===============	0/0	100.00	98.93	plasmidfinder	JN233704	IncFIB(K)_1_Kpn3_JN233704	
/tmp/euscape_fastas/EuSCAPE_LU018.fasta	3754STDY7197014|SC|contig000004	29182	29620	-	IncFIB(Mar)_1_pNDM-Mar	1-439/439	===============	0/0	100.00	99.77	plasmidfinder	JN420336	IncFIB(Mar)_1_pNDM-Mar_JN420336	
/tmp/euscape_fastas/EuSCAPE_LU018.fasta	3754STDY7197014|SC|contig000005	217	956	+	IncFIB(pQil)_1_pQil	1-740/740	===============	0/0	100.00	100.00	plasmidfinder	JN233705	IncFIB(pQil)_1_pQil_JN233705	
/tmp/euscape_fastas/EuSCAPE_LU018.fasta	3754STDY7197014|SC|contig000005	64997	65432	-	IncFII(pAR0022)_1	7-442/442	===============	0/0	98.64	81.42	plasmidfinder	CP024882	IncFII(pAR0022)_1__CP024882	
/tmp/euscape_fastas/EuSCAPE_LU018.fasta	3754STDY7197014|SC|contig000005	65466	65704	-	IncFII_1_pKP91	1-230/230	========/======	4/9	100.00	87.87	plasmidfinder	CP000966	IncFII_1_pKP91_CP000966	
/tmp/euscape_fastas/EuSCAPE_LU018.fasta	3754STDY7197014|SC|contig000006	68701	69138	+	RepB_1_pC39	1-438/438	===============	0/0	100.00	99.54	plasmidfinder	CP061702.1	RepB_1_pC39_CP061702.1	
/tmp/euscape_fastas/EuSCAPE_LV006.fasta	58200_G01_unicycler|SC|contig000002	300	859	-	repB_KLEB_VIR	1-560/560	===============	0/0	100.00	100.00	plasmidfinder	AP006726	repB_KLEB_VIR_AP006726	
/tmp/euscape_fastas/EuSCAPE_LV006.fasta	58200_G01_unicycler|SC|contig000002	196683	197252	-	IncHI1B_1_pNDM-MAR	1-570/570	===============	0/0	100.00	99.30	plasmidfinder	JN420336	IncHI1B_1_pNDM-MAR_JN420336	
/tmp/euscape_fastas/EuSCAPE_LV006.fasta	58200_G01_unicycler|SC|contig000003	86537	87131	+	IncL/M_1	1-595/664	========/=====.	2/2	89.46	94.63	plasmidfinder	AF550415	IncL/M_1__AF550415	
/tmp/euscape_fastas/EuSCAPE_MK006.fasta	3754STDY7197019|SC|contig000002	300	859	-	IncFIB(K)_1_Kpn3	1-560/560	===============	0/0	100.00	100.00	plasmidfinder	JN233704	IncFIB(K)_1_Kpn3_JN233704	
/tmp/euscape_fastas/EuSCAPE_MK006.fasta	3754STDY7197019|SC|contig000002	111720	112155	-	IncFII(pAR0022)_1	7-442/442	===============	0/0	98.64	81.42	plasmidfinder	CP024882	IncFII(pAR0022)_1__CP024882	
/tmp/euscape_fastas/EuSCAPE_MK006.fasta	3754STDY7197019|SC|contig000002	112189	112427	-	IncFII_1_pKP91	1-230/230	========/======	4/9	100.00	87.87	plasmidfinder	CP000966	IncFII_1_pKP91_CP000966	
/tmp/euscape_fastas/EuSCAPE_MK006.fasta	3754STDY7197019|SC|contig000003	45	461	+	IncA/C2_1	1-417/417	===============	0/0	100.00	100.00	plasmidfinder	JN157804	IncA/C2_1__JN157804	
/tmp/euscape_fastas/EuSCAPE_MK006.fasta	3754STDY7197019|SC|contig000004	13409	13782	+	IncX3_1	1-374/374	===============	0/0	100.00	100.00	plasmidfinder	JN247852	IncX3_1__JN247852	
/tmp/euscape_fastas/EuSCAPE_MK006.fasta	3754STDY7197019|SC|contig000005	3137	3266	-	ColRNAI_1	1-130/130	===============	0/0	100.00	100.00	plasmidfinder	DQ298019	ColRNAI_1__DQ298019	
/tmp/euscape_fastas/EuSCAPE_MT005.fasta	58603_A01_unicycler|SC|contig000002	62907	63498	+	IncL/M(pOXA-48)_1_pOXA-48	1-592/661	==============.	0/0	89.56	100.00	plasmidfinder	JN626286	IncL/M(pOXA-48)_1_pOXA-48_JN626286	
/tmp/euscape_fastas/EuSCAPE_MT005.fasta	58603_A01_unicycler|SC|contig000003	263	776	-	IncN_1	1-514/514	===============	0/0	100.00	99.81	plasmidfinder	AY046276	IncN_1__AY046276	
/tmp/euscape_fastas/EuSCAPE_MT005.fasta	58603_A01_unicycler|SC|contig000004	72	352	+	Col440II_1	2-282/282	===============	0/0	99.65	90.75	plasmidfinder	CP023921.1	Col440II_1__CP023921.1	
/tmp/euscape_fastas/EuSCAPE_MT005.fasta	58603_A01_unicycler|SC|contig000004	963	1078	+	Col(pHAD28)_1	1-116/131	==============.	0/0	88.55	93.10	plasmidfinder	KU674895	Col(pHAD28)_1__KU674895	
/tmp/euscape_fastas/EuSCAPE_MT005.fasta	58603_A01_unicycler|SC|contig000005	412	525	+	Col440I_1	1-114/114	===============	0/0	100.00	97.37	plasmidfinder	CP023920.1	Col440I_1__CP023920.1	
/tmp/euscape_fastas/EuSCAPE_MT013.fasta	60258_A01_unicycler|SC|contig000002	48781	49441	+	IncL/M(pOXA-48)_1_pOXA-48	1-661/661	===============	0/0	100.00	100.00	plasmidfinder	JN626286	IncL/M(pOXA-48)_1_pOXA-48_JN626286	
/tmp/euscape_fastas/EuSCAPE_MT013.fasta	60258_A01_unicycler|SC|contig000004	39	552	+	IncN_1	1-514/514	===============	0/0	100.00	99.81	plasmidfinder	AY046276	IncN_1__AY046276	
/tmp/euscape_fastas/EuSCAPE_MT013.fasta	60258_A01_unicycler|SC|contig000005	3335	3894	-	IncFIB(K)_1_Kpn3	1-560/560	===============	0/0	100.00	100.00	plasmidfinder	JN233704	IncFIB(K)_1_Kpn3_JN233704	
/tmp/euscape_fastas/EuSCAPE_MT013.fasta	60258_A01_unicycler|SC|contig000008	4276	4556	+	Col440II_1	2-282/282	===============	0/0	99.65	90.75	plasmidfinder	CP023921.1	Col440II_1__CP023921.1	
/tmp/euscape_fastas/EuSCAPE_PL039.fasta	3754STDY7197112|SC|contig000002	74415	74802	+	IncFIA(HI1)_1_HI1	1-388/388	===============	0/0	100.00	94.59	plasmidfinder	AF250878	IncFIA(HI1)_1_HI1_AF250878	
/tmp/euscape_fastas/EuSCAPE_PL039.fasta	3754STDY7197112|SC|contig000002	138234	138453	+	IncFII(Yp)_1_Yersenia	1-221/230	========/======	1/1	95.65	95.47	plasmidfinder	CP000670	IncFII(Yp)_1_Yersenia_CP000670	
/tmp/euscape_fastas/EuSCAPE_PL039.fasta	3754STDY7197112|SC|contig000003	55662	56284	-	repB(R1701)_1	1-623/623	===============	0/0	100.00	100.00	plasmidfinder	CP039970	repB(R1701)_1__CP039970	
/tmp/euscape_fastas/EuSCAPE_PL039.fasta	3754STDY7197112|SC|contig000004	8136	8265	-	ColRNAI_1	1-130/130	===============	0/0	100.00	100.00	plasmidfinder	DQ298019	ColRNAI_1__DQ298019	
/tmp/euscape_fastas/EuSCAPE_PL039.fasta	3754STDY7197112|SC|contig000005	2171	2301	-	Col(pHAD28)_1	1-131/131	===============	0/0	100.00	94.66	plasmidfinder	KU674895	Col(pHAD28)_1__KU674895	
/tmp/euscape_fastas/EuSCAPE_PL046.fasta	60019_F01_unicycler|SC|contig000002	300	859	-	IncFIB(K)_1_Kpn3	1-560/560	===============	0/0	100.00	100.00	plasmidfinder	JN233704	IncFIB(K)_1_Kpn3_JN233704	
/tmp/euscape_fastas/EuSCAPE_PL046.fasta	60019_F01_unicycler|SC|contig000002	72977	73215	+	IncFII_1_pKP91	1-230/230	========/======	4/9	100.00	87.03	plasmidfinder	CP000966	IncFII_1_pKP91_CP000966	
/tmp/euscape_fastas/EuSCAPE_PL046.fasta	60019_F01_unicycler|SC|contig000002	73249	73684	+	IncFII(pAR0022)_1	7-442/442	===============	0/0	98.64	81.42	plasmidfinder	CP024882	IncFII(pAR0022)_1__CP024882	
/tmp/euscape_fastas/EuSCAPE_PL046.fasta	60019_F01_unicycler|SC|contig000003	14383	14633	-	IncR_1	1-251/251	===============	0/0	100.00	100.00	plasmidfinder	DQ449578	IncR_1__DQ449578	
/tmp/euscape_fastas/EuSCAPE_PL046.fasta	60019_F01_unicycler|SC|contig000003	75535	76111	+	IncFII(pKPX1)	1-577/577	===============	0/0	100.00	100.00	plasmidfinder	AP012055	IncFII(pKPX1)__AP012055	
/tmp/euscape_fastas/EuSCAPE_PL046.fasta	60019_F01_unicycler|SC|contig000003	127243	127865	+	repB(R1701)_1	1-623/623	===============	0/0	100.00	99.20	plasmidfinder	CP039970	repB(R1701)_1__CP039970	
/tmp/euscape_fastas/EuSCAPE_PL046.fasta	60019_F01_unicycler|SC|contig000008	778	1164	-	IncFIA(HI1)_1_HI1	2-388/388	===============	0/0	99.74	98.45	plasmidfinder	AF250878	IncFIA(HI1)_1_HI1_AF250878	
/tmp/euscape_fastas/EuSCAPE_RO052.fasta	3754STDY7197027_unicycler|SC|contig000002	185843	186472	-	IncHI2A_1	1-630/630	===============	0/0	100.00	100.00	plasmidfinder	BX664015	IncHI2A_1__BX664015	
/tmp/euscape_fastas/EuSCAPE_RO052.fasta	3754STDY7197027_unicycler|SC|contig000002	200126	200720	+	RepA_1_pKPC-CAV1321	2-596/596	========/======	2/2	99.66	80.37	plasmidfinder	CP011611	RepA_1_pKPC-CAV1321_CP011611	
/tmp/euscape_fastas/EuSCAPE_RO052.fasta	3754STDY7197027_unicycler|SC|contig000002	201338	201664	+	IncHI2_1	1-327/327	===============	0/0	100.00	100.00	plasmidfinder	BX664015	IncHI2_1__BX664015	
/tmp/euscape_fastas/EuSCAPE_RO052.fasta	3754STDY7197027_unicycler|SC|contig000006	1844	2507	-	IncL/M_1	1-664/664	===============	0/0	100.00	100.00	plasmidfinder	AF550415	IncL/M_1__AF550415	
/tmp/euscape_fastas/EuSCAPE_RO052.fasta	3754STDY7197027_unicycler|SC|contig000009	3169	3299	-	Col(pHAD28)_1	1-131/131	===============	0/0	100.00	92.37	plasmidfinder	KU674895	Col(pHAD28)_1__KU674895	
/tmp/euscape_fastas/EuSCAPE_RO052.fasta	3754STDY7197027_unicycler|SC|contig000009	3876	4157	-	Col440II_1	1-282/282	===============	0/0	100.00	100.00	plasmidfinder	CP023921.1	Col440II_1__CP023921.1	
/tmp/euscape_fastas/EuSCAPE_RO052.fasta	3754STDY7197027_unicycler|SC|contig000014	1411	1603	+	ColpVC_1	1-193/193	===============	0/0	100.00	98.45	plasmidfinder	JX133088	ColpVC_1__JX133088	
/tmp/euscape_fastas/EuSCAPE_RO094.fasta	58366_E01_unicycler|SC|contig000002	300	859	-	IncFIB(K)(pCAV1099-114)_1	1-560/560	===============	0/0	100.00	99.82	plasmidfinder	CP011596	IncFIB(K)(pCAV1099-114)_1__CP011596	
/tmp/euscape_fastas/EuSCAPE_RO094.fasta	58366_E01_unicycler|SC|contig000003	83524	84118	+	IncL/M_1	1-595/664	==============.	0/0	89.61	100.00	plasmidfinder	AF550415	IncL/M_1__AF550415	
/tmp/euscape_fastas/EuSCAPE_RO094.fasta	58366_E01_unicycler|SC|contig000004	1564	1694	-	Col(pHAD28)_1	1-131/131	===============	0/0	100.00	90.08	plasmidfinder	KU674895	Col(pHAD28)_1__KU674895	
/tmp/euscape_fastas/EuSCAPE_RS002.fasta	3754STDY7197010_unicycler|SC|contig000002	1	603	+	IncFIB(pB171)_1_pB171	41-643/643	===============	0/0	93.78	91.21	plasmidfinder	AB024946	IncFIB(pB171)_1_pB171_AB024946	
/tmp/euscape_fastas/EuSCAPE_RS002.fasta	3754STDY7197010_unicycler|SC|contig000002	30312	31002	+	repA_2_pKPC-2	1-693/693	========/======	1/2	99.71	83.12	plasmidfinder	JX397875	repA_2_pKPC-2_JX397875	
/tmp/euscape_fastas/EuSCAPE_RS002.fasta	3754STDY7197010_unicycler|SC|contig000002	52510	52950	-	IncFII(pAR0022)_1	1-441/442	===============	0/0	99.77	85.49	plasmidfinder	CP024882	IncFII(pAR0022)_1__CP024882	
/tmp/euscape_fastas/EuSCAPE_RS002.fasta	3754STDY7197010_unicycler|SC|contig000002	52971	53200	-	IncFII(Yp)_1_Yersenia	1-230/230	===============	0/0	100.00	99.56	plasmidfinder	CP000670	IncFII(Yp)_1_Yersenia_CP000670	
/tmp/euscape_fastas/EuSCAPE_RS002.fasta	3754STDY7197010_unicycler|SC|contig000003	6047	6176	+	ColRNAI_1	1-130/130	===============	0/0	100.00	100.00	plasmidfinder	DQ298019	ColRNAI_1__DQ298019	
/tmp/euscape_fastas/EuSCAPE_RS002.fasta	3754STDY7197010_unicycler|SC|contig000005	1956	2236	+	Col440II_1	2-282/282	===============	0/0	99.65	90.39	plasmidfinder	CP023921.1	Col440II_1__CP023921.1	
/tmp/euscape_fastas/EuSCAPE_RS002.fasta	3754STDY7197010_unicycler|SC|contig000005	2817	2932	+	Col(pHAD28)_1	1-116/131	==============.	0/0	88.55	93.97	plasmidfinder	KU674895	Col(pHAD28)_1__KU674895	
/tmp/euscape_fastas/EuSCAPE_RS002.fasta	3754STDY7197010_unicycler|SC|contig000006	2399	2529	-	Col(pHAD28)_1	1-131/131	===============	0/0	100.00	92.37	plasmidfinder	KU674895	Col(pHAD28)_1__KU674895	
/tmp/euscape_fastas/EuSCAPE_RS010.fasta	3754STDY7549863_unicycler|SC|contig000003	82398	82992	+	IncL/M_1	1-595/664	==============.	0/0	89.61	100.00	plasmidfinder	AF550415	IncL/M_1__AF550415	
/tmp/euscape_fastas/EuSCAPE_RS010.fasta	3754STDY7549863_unicycler|SC|contig000004	15175	15425	+	IncR_1	1-251/251	===============	0/0	100.00	100.00	plasmidfinder	DQ449578	IncR_1__DQ449578	
/tmp/euscape_fastas/EuSCAPE_RS010.fasta	3754STDY7549863_unicycler|SC|contig000009	1467	1747	+	Col440II_1	2-282/282	===============	0/0	99.65	90.39	plasmidfinder	CP023921.1	Col440II_1__CP023921.1	
/tmp/euscape_fastas/EuSCAPE_RS010.fasta	3754STDY7549863_unicycler|SC|contig000009	2328	2443	+	Col(pHAD28)_1	1-116/131	==============.	0/0	88.55	93.97	plasmidfinder	KU674895	Col(pHAD28)_1__KU674895	
/tmp/euscape_fastas/EuSCAPE_RS010.fasta	3754STDY7549863_unicycler|SC|contig000010	627	757	+	Col(pHAD28)_1	1-131/131	===============	0/0	100.00	92.37	plasmidfinder	KU674895	Col(pHAD28)_1__KU674895	
/tmp/euscape_fastas/EuSCAPE_RS017.fasta	58603_C01_unicycler|SC|contig000002	14458	14708	+	IncR_1	1-251/251	===============	0/0	100.00	100.00	plasmidfinder	DQ449578	IncR_1__DQ449578	
/tmp/euscape_fastas/EuSCAPE_RS017.fasta	58603_C01_unicycler|SC|contig000002	169132	169548	-	IncA/C2_1	1-417/417	===============	0/0	100.00	100.00	plasmidfinder	JN157804	IncA/C2_1__JN157804	
/tmp/euscape_fastas/EuSCAPE_RS017.fasta	58603_C01_unicycler|SC|contig000003	300	859	-	IncFIB(K)_1_Kpn3	1-560/560	===============	0/0	100.00	100.00	plasmidfinder	JN233704	IncFIB(K)_1_Kpn3_JN233704	
/tmp/euscape_fastas/EuSCAPE_RS017.fasta	58603_C01_unicycler|SC|contig000004	19	641	+	repB(R1701)_1	1-623/623	===============	0/0	100.00	99.20	plasmidfinder	CP039970	repB(R1701)_1__CP039970	
/tmp/euscape_fastas/EuSCAPE_RS017.fasta	58603_C01_unicycler|SC|contig000004	13965	14351	-	IncFIA(HI1)_1_HI1	2-388/388	===============	0/0	99.74	98.45	plasmidfinder	AF250878	IncFIA(HI1)_1_HI1_AF250878	
/tmp/euscape_fastas/EuSCAPE_RS017.fasta	58603_C01_unicycler|SC|contig000005	8123	8783	-	IncL/M(pOXA-48)_1_pOXA-48	1-661/661	===============	0/0	100.00	100.00	plasmidfinder	JN626286	IncL/M(pOXA-48)_1_pOXA-48_JN626286	
/tmp/euscape_fastas/EuSCAPE_RS017.fasta	58603_C01_unicycler|SC|contig000011	1	107	+	Col(pHAD28)_1	23-129/131	..=============	0/0	81.68	85.05	plasmidfinder	KU674895	Col(pHAD28)_1__KU674895	
/tmp/euscape_fastas/EuSCAPE_RS064.fasta	58560_C01_unicycler|SC|contig000002	48494	48934	-	IncFII(pAR0022)_1	1-441/442	===============	0/0	99.77	85.49	plasmidfinder	CP024882	IncFII(pAR0022)_1__CP024882	
/tmp/euscape_fastas/EuSCAPE_RS064.fasta	58560_C01_unicycler|SC|contig000002	48955	49184	-	IncFII(Yp)_1_Yersenia	1-230/230	===============	0/0	100.00	99.56	plasmidfinder	CP000670	IncFII(Yp)_1_Yersenia_CP000670	
/tmp/euscape_fastas/EuSCAPE_RS064.fasta	58560_C01_unicycler|SC|contig000002	120243	120885	+	IncFIB(pB171)_1_pB171	1-643/643	===============	0/0	100.00	91.45	plasmidfinder	AB024946	IncFIB(pB171)_1_pB171_AB024946	
/tmp/euscape_fastas/EuSCAPE_RS064.fasta	58560_C01_unicycler|SC|contig000003	51090	51753	+	IncL/M_1	1-664/664	===============	0/0	100.00	100.00	plasmidfinder	AF550415	IncL/M_1__AF550415	
/tmp/euscape_fastas/EuSCAPE_RS064.fasta	58560_C01_unicycler|SC|contig000004	5309	5559	+	IncR_1	1-251/251	===============	0/0	100.00	99.60	plasmidfinder	DQ449578	IncR_1__DQ449578	
/tmp/euscape_fastas/EuSCAPE_RS064.fasta	58560_C01_unicycler|SC|contig000007	2471	2600	+	ColRNAI_1	1-130/130	===============	0/0	100.00	100.00	plasmidfinder	DQ298019	ColRNAI_1__DQ298019	
/tmp/euscape_fastas/EuSCAPE_RS064.fasta	58560_C01_unicycler|SC|contig000010	2803	2933	-	Col(pHAD28)_1	1-131/131	===============	0/0	100.00	92.37	plasmidfinder	KU674895	Col(pHAD28)_1__KU674895	
/tmp/euscape_fastas/EuSCAPE_RS081.fasta	60325_F01_unicycler|SC|contig000003	15368	15784	+	IncA/C2_1	1-417/417	===============	0/0	100.00	100.00	plasmidfinder	JN157804	IncA/C2_1__JN157804	
/tmp/euscape_fastas/EuSCAPE_RS081.fasta	60325_F01_unicycler|SC|contig000004	9132	9505	-	IncX1_1	1-374/374	===============	0/0	100.00	98.40	plasmidfinder	EU370913	IncX1_1__EU370913	
/tmp/euscape_fastas/EuSCAPE_RS081.fasta	60325_F01_unicycler|SC|contig000006	8250	8685	-	IncFII(pAR0022)_1	7-442/442	===============	0/0	98.64	81.42	plasmidfinder	CP024882	IncFII(pAR0022)_1__CP024882	
/tmp/euscape_fastas/EuSCAPE_RS081.fasta	60325_F01_unicycler|SC|contig000006	8719	8957	-	IncFII_1_pKP91	1-230/230	========/======	4/9	100.00	87.03	plasmidfinder	CP000966	IncFII_1_pKP91_CP000966	
/tmp/euscape_fastas/EuSCAPE_RS081.fasta	60325_F01_unicycler|SC|contig000007	29522	29909	+	IncFIA(HI1)_1_HI1	1-388/388	===============	0/0	100.00	94.59	plasmidfinder	AF250878	IncFIA(HI1)_1_HI1_AF250878	
/tmp/euscape_fastas/EuSCAPE_RS081.fasta	60325_F01_unicycler|SC|contig000011	7868	8427	-	IncFIB(K)_1_Kpn3	1-560/560	===============	0/0	100.00	100.00	plasmidfinder	JN233704	IncFIB(K)_1_Kpn3_JN233704	
/tmp/euscape_fastas/EuSCAPE_RS081.fasta	60325_F01_unicycler|SC|contig000015	376	657	-	Col440II_1	1-282/282	===============	0/0	100.00	99.29	plasmidfinder	CP023921.1	Col440II_1__CP023921.1	
/tmp/euscape_fastas/EuSCAPE_RS081.fasta	60325_F01_unicycler|SC|contig000019	101	214	+	Col440I_1	1-114/114	===============	0/0	100.00	97.37	plasmidfinder	CP023920.1	Col440I_1__CP023920.1	
/tmp/euscape_fastas/EuSCAPE_RS081.fasta	60325_F01_unicycler|SC|contig000021	1709	1901	-	ColpVC_1	1-193/193	===============	0/0	100.00	88.60	plasmidfinder	JX133088	ColpVC_1__JX133088	
/tmp/euscape_fastas/EuSCAPE_RS105.fasta	3754STDY7197012_unicycler|SC|contig000002	57364	57780	-	IncA/C2_1	1-417/417	===============	0/0	100.00	100.00	plasmidfinder	JN157804	IncA/C2_1__JN157804	
/tmp/euscape_fastas/EuSCAPE_RS105.fasta	3754STDY7197012_unicycler|SC|contig000003	1648	1874	-	IncFII_1_pKP91	10-230/230	========/======	2/6	96.09	88.55	plasmidfinder	CP000966	IncFII_1_pKP91_CP000966	
/tmp/euscape_fastas/EuSCAPE_RS105.fasta	3754STDY7197012_unicycler|SC|contig000003	66693	67315	+	repB(R1701)_1	1-623/623	===============	0/0	100.00	99.52	plasmidfinder	CP039970	repB(R1701)_1__CP039970	
/tmp/euscape_fastas/EuSCAPE_RS105.fasta	3754STDY7197012_unicycler|SC|contig000004	122	251	-	ColRNAI_1	1-130/130	===============	0/0	100.00	100.00	plasmidfinder	DQ298019	ColRNAI_1__DQ298019	
/tmp/euscape_fastas/EuSCAPE_TR002.fasta	60325_G01_unicycler|SC|contig000003	13591	14029	+	IncFIB(Mar)_1_pNDM-Mar	1-439/439	===============	0/0	100.00	99.54	plasmidfinder	JN420336	IncFIB(Mar)_1_pNDM-Mar_JN420336	
/tmp/euscape_fastas/EuSCAPE_TR002.fasta	60325_G01_unicycler|SC|contig000003	115619	116188	+	IncHI1B_1_pNDM-MAR	1-570/570	===============	0/0	100.00	100.00	plasmidfinder	JN420336	IncHI1B_1_pNDM-MAR_JN420336	
/tmp/euscape_fastas/EuSCAPE_TR002.fasta	60325_G01_unicycler|SC|contig000005	300	859	-	IncFIB(K)_1_Kpn3	1-560/560	===============	0/0	100.00	100.00	plasmidfinder	JN233704	IncFIB(K)_1_Kpn3_JN233704	
/tmp/euscape_fastas/EuSCAPE_TR002.fasta	60325_G01_unicycler|SC|contig000006	7512	7762	+	IncR_1	1-251/251	===============	0/0	100.00	100.00	plasmidfinder	DQ449578	IncR_1__DQ449578	
/tmp/euscape_fastas/EuSCAPE_TR002.fasta	60325_G01_unicycler|SC|contig000008	1045	1324	+	ColKP3_1	1-280/280	===============	0/0	100.00	100.00	plasmidfinder	JN205800	ColKP3_1__JN205800	
/tmp/euscape_fastas/EuSCAPE_TR002.fasta	60325_G01_unicycler|SC|contig000018	394	780	+	IncFIA(HI1)_1_HI1	2-388/388	===============	0/0	99.74	98.45	plasmidfinder	AF250878	IncFIA(HI1)_1_HI1_AF250878	
/tmp/euscape_fastas/EuSCAPE_TR009.fasta	3754STDY7538816_unicycler|SC|contig000001	20432	20682	+	IncR_1	1-251/251	===============	0/0	100.00	100.00	plasmidfinder	DQ449578	IncR_1__DQ449578	
/tmp/euscape_fastas/EuSCAPE_TR009.fasta	3754STDY7538816_unicycler|SC|contig000001	28848	29234	-	IncFIA(HI1)_1_HI1	2-388/388	===============	0/0	99.74	98.45	plasmidfinder	AF250878	IncFIA(HI1)_1_HI1_AF250878	
/tmp/euscape_fastas/EuSCAPE_TR009.fasta	3754STDY7538816_unicycler|SC|contig000001	61207	61645	+	IncFIB(Mar)_1_pNDM-Mar	1-439/439	===============	0/0	100.00	99.54	plasmidfinder	JN420336	IncFIB(Mar)_1_pNDM-Mar_JN420336	
/tmp/euscape_fastas/EuSCAPE_TR009.fasta	3754STDY7538816_unicycler|SC|contig000001	163235	163804	+	IncHI1B_1_pNDM-MAR	1-570/570	===============	0/0	100.00	100.00	plasmidfinder	JN420336	IncHI1B_1_pNDM-MAR_JN420336	
/tmp/euscape_fastas/EuSCAPE_TR009.fasta	3754STDY7538816_unicycler|SC|contig000002	300	859	-	IncFIB(K)_1_Kpn3	1-560/560	===============	0/0	100.00	100.00	plasmidfinder	JN233704	IncFIB(K)_1_Kpn3_JN233704	
/tmp/euscape_fastas/EuSCAPE_TR009.fasta	3754STDY7538816_unicycler|SC|contig000003	669	948	+	ColKP3_1	1-280/280	===============	0/0	100.00	100.00	plasmidfinder	JN205800	ColKP3_1__JN205800	
/tmp/euscape_fastas/EuSCAPE_TR057.fasta	3754STDY7538815_unicycler|SC|contig000003	19	641	+	repB(R1701)_1	1-623/623	===============	0/0	100.00	99.20	plasmidfinder	CP039970	repB(R1701)_1__CP039970	
/tmp/euscape_fastas/EuSCAPE_TR057.fasta	3754STDY7538815_unicycler|SC|contig000003	15428	15814	+	IncFIA(HI1)_1_HI1	2-388/388	===============	0/0	99.74	98.45	plasmidfinder	AF250878	IncFIA(HI1)_1_HI1_AF250878	
/tmp/euscape_fastas/EuSCAPE_TR057.fasta	3754STDY7538815_unicycler|SC|contig000003	53274	53524	+	IncR_1	1-251/251	===============	0/0	100.00	100.00	plasmidfinder	DQ449578	IncR_1__DQ449578	
/tmp/euscape_fastas/EuSCAPE_TR057.fasta	3754STDY7538815_unicycler|SC|contig000004	33220	33958	+	IncL/M(pMU407)_1_pMU407	1-739/739	===============	0/0	100.00	99.59	plasmidfinder	U27345	IncL/M(pMU407)_1_pMU407_U27345	
/tmp/euscape_fastas/EuSCAPE_TR057.fasta	3754STDY7538815_unicycler|SC|contig000005	1045	1175	+	Col(pHAD28)_1	1-131/131	===============	0/0	100.00	93.13	plasmidfinder	KU674895	Col(pHAD28)_1__KU674895	
/tmp/euscape_fastas/EuSCAPE_TR057.fasta	3754STDY7538815_unicycler|SC|contig000007	2817	2919	-	Col440I_1	9-111/114	.==============	0/0	90.35	90.29	plasmidfinder	CP023920.1	Col440I_1__CP023920.1	
/tmp/euscape_fastas/EuSCAPE_TR057.fasta	3754STDY7538815_unicycler|SC|contig000009	1508	1608	-	Col440I_1	10-110/114	.=======/======	2/2	87.72	82.35	plasmidfinder	CP023920.1	Col440I_1__CP023920.1	
/tmp/euscape_fastas/EuSCAPE_TR083.fasta	58882_E01_unicycler|SC|contig000006	75240	75799	+	IncFIB(K)_1_Kpn3	1-560/560	===============	0/0	100.00	100.00	plasmidfinder	JN233704	IncFIB(K)_1_Kpn3_JN233704	
/tmp/euscape_fastas/EuSCAPE_TR083.fasta	58882_E01_unicycler|SC|contig000006	146376	146614	+	IncFII_1_pKP91	1-230/230	========/======	4/9	100.00	87.03	plasmidfinder	CP000966	IncFII_1_pKP91_CP000966	
/tmp/euscape_fastas/EuSCAPE_TR083.fasta	58882_E01_unicycler|SC|contig000006	146648	147083	+	IncFII(pAR0022)_1	7-442/442	===============	0/0	98.64	81.42	plasmidfinder	CP024882	IncFII(pAR0022)_1__CP024882	
/tmp/euscape_fastas/EuSCAPE_TR083.fasta	58882_E01_unicycler|SC|contig000008	3334	3976	-	IncFIB(pB171)_1_pB171	1-643/643	===============	0/0	100.00	91.76	plasmidfinder	AB024946	IncFIB(pB171)_1_pB171_AB024946	
/tmp/euscape_fastas/EuSCAPE_TR083.fasta	58882_E01_unicycler|SC|contig000008	34826	35266	-	IncFII(pAR0022)_1	1-441/442	===============	0/0	99.77	85.71	plasmidfinder	CP024882	IncFII(pAR0022)_1__CP024882	
/tmp/euscape_fastas/EuSCAPE_TR083.fasta	58882_E01_unicycler|SC|contig000008	35287	35516	-	IncFII(Yp)_1_Yersenia	1-230/230	===============	0/0	100.00	99.13	plasmidfinder	CP000670	IncFII(Yp)_1_Yersenia_CP000670	
/tmp/euscape_fastas/EuSCAPE_TR083.fasta	58882_E01_unicycler|SC|contig000010	62221	62812	+	IncL/M(pOXA-48)_1_pOXA-48	1-592/661	==============.	0/0	89.56	100.00	plasmidfinder	JN626286	IncL/M(pOXA-48)_1_pOXA-48_JN626286	
/tmp/euscape_fastas/EuSCAPE_TR083.fasta	58882_E01_unicycler|SC|contig000011	29789	30039	-	IncR_1	1-251/251	===============	0/0	100.00	100.00	plasmidfinder	DQ449578	IncR_1__DQ449578	
/tmp/euscape_fastas/EuSCAPE_TR083.fasta	58882_E01_unicycler|SC|contig000013	1	466	+	Col(CriePir75)_1	20-485/485	===============	0/0	96.08	100.00	plasmidfinder	CP063021.1	Col(CriePir75)_1__CP063021.1	
/tmp/euscape_fastas/EuSCAPE_TR083.fasta	58882_E01_unicycler|SC|contig000015	2281	2411	-	Col(pHAD28)_1	1-131/131	========/======	2/2	99.24	90.91	plasmidfinder	KU674895	Col(pHAD28)_1__KU674895	
/tmp/euscape_fastas/EuSCAPE_TR083.fasta	58882_E01_unicycler|SC|contig000015	2993	3273	-	Col440II_1	2-282/282	===============	0/0	99.65	90.75	plasmidfinder	CP023921.1	Col440II_1__CP023921.1	
/tmp/euscape_fastas/EuSCAPE_TR203.fasta	58882_C01_unicycler|SC|contig000002	45	461	+	IncA/C2_1	1-417/417	===============	0/0	100.00	100.00	plasmidfinder	JN157804	IncA/C2_1__JN157804	
/tmp/euscape_fastas/EuSCAPE_TR203.fasta	58882_C01_unicycler|SC|contig000004	33626	34248	-	repB(R1701)_1	1-623/623	===============	0/0	100.00	99.20	plasmidfinder	CP039970	repB(R1701)_1__CP039970	
/tmp/euscape_fastas/EuSCAPE_TR203.fasta	58882_C01_unicycler|SC|contig000005	20575	21151	-	IncFII(pKPX1)	1-577/577	===============	0/0	100.00	100.00	plasmidfinder	AP012055	IncFII(pKPX1)__AP012055	
/tmp/euscape_fastas/EuSCAPE_TR203.fasta	58882_C01_unicycler|SC|contig000007	2773	3318	-	IncFII(pSDP9R)_1	1-546/546	===============	0/0	100.00	100.00	plasmidfinder	MW940621	IncFII(pSDP9R)_1__MW940621	
/tmp/euscape_fastas/EuSCAPE_TR203.fasta	58882_C01_unicycler|SC|contig000008	837	967	-	Col(pHAD28)_1	1-131/131	===============	0/0	100.00	93.13	plasmidfinder	KU674895	Col(pHAD28)_1__KU674895	
/tmp/euscape_fastas/EuSCAPE_TR203.fasta	58882_C01_unicycler|SC|contig000009	2836	2966	-	Col(pHAD28)_1	1-131/131	===============	0/0	100.00	89.31	plasmidfinder	KU674895	Col(pHAD28)_1__KU674895	
/tmp/euscape_fastas/EuSCAPE_TR203.fasta	58882_C01_unicycler|SC|contig000013	433	561	+	Col(pHAD28)_1	1-129/131	===============	0/0	98.47	86.05	plasmidfinder	KU674895	Col(pHAD28)_1__KU674895	
/tmp/euscape_fastas/EuSCAPE_UK048.fasta	60973_H01|SC|contig000002	73457	74016	+	IncFIB(K)_1_Kpn3	1-560/560	===============	0/0	100.00	100.00	plasmidfinder	JN233704	IncFIB(K)_1_Kpn3_JN233704	
/tmp/euscape_fastas/EuSCAPE_UK048.fasta	60973_H01|SC|contig000002	143269	143507	+	IncFII_1_pKP91	1-230/230	========/======	4/9	100.00	87.03	plasmidfinder	CP000966	IncFII_1_pKP91_CP000966	
/tmp/euscape_fastas/EuSCAPE_UK048.fasta	60973_H01|SC|contig000002	143541	143976	+	IncFII(pAR0022)_1	7-442/442	===============	0/0	98.64	81.42	plasmidfinder	CP024882	IncFII(pAR0022)_1__CP024882	
/tmp/euscape_fastas/EuSCAPE_UK048.fasta	60973_H01|SC|contig000003	39427	39814	-	IncFIA(HI1)_1_HI1	1-388/388	===============	0/0	100.00	94.59	plasmidfinder	AF250878	IncFIA(HI1)_1_HI1_AF250878	
/tmp/euscape_fastas/EuSCAPE_UK048.fasta	60973_H01|SC|contig000003	58671	59044	-	IncX3_1	1-374/374	===============	0/0	100.00	100.00	plasmidfinder	JN247852	IncX3_1__JN247852	
/tmp/euscape_fastas/EuSCAPE_UK048.fasta	60973_H01|SC|contig000004	5435	5564	-	ColRNAI_1	1-130/130	===============	0/0	100.00	100.00	plasmidfinder	DQ298019	ColRNAI_1__DQ298019	
/tmp/euscape_fastas/EuSCAPE_UK065.fasta	3754STDY7538814_unicycler|SC|contig000002	120789	121348	+	IncFIB(K)_1_Kpn3	1-560/560	===============	0/0	100.00	100.00	plasmidfinder	JN233704	IncFIB(K)_1_Kpn3_JN233704	
/tmp/euscape_fastas/EuSCAPE_UK065.fasta	3754STDY7538814_unicycler|SC|contig000003	14525	14911	-	IncFIA(HI1)_1_HI1	2-388/388	===============	0/0	99.74	98.45	plasmidfinder	AF250878	IncFIA(HI1)_1_HI1_AF250878	
/tmp/euscape_fastas/EuSCAPE_UK065.fasta	3754STDY7538814_unicycler|SC|contig000003	48753	49003	-	IncR_1	1-251/251	===============	0/0	100.00	100.00	plasmidfinder	DQ449578	IncR_1__DQ449578	
/tmp/euscape_fastas/EuSCAPE_UK065.fasta	3754STDY7538814_unicycler|SC|contig000004	7689	8311	-	repB(R1701)_1	1-623/623	===============	0/0	100.00	99.20	plasmidfinder	CP039970	repB(R1701)_1__CP039970	
/tmp/euscape_fastas/EuSCAPE_UK065.fasta	3754STDY7538814_unicycler|SC|contig000005	2074	2300	-	IncFII_1_pKP91	10-230/230	========/======	2/6	96.09	88.55	plasmidfinder	CP000966	IncFII_1_pKP91_CP000966	
/tmp/euscape_fastas/EuSCAPE_UK065.fasta	3754STDY7538814_unicycler|SC|contig000006	1045	1324	+	ColKP3_1	1-280/280	===============	0/0	100.00	100.00	plasmidfinder	JN205800	ColKP3_1__JN205800	
/tmp/euscape_fastas/EuSCAPE_UK065.fasta	3754STDY7538814_unicycler|SC|contig000007	1352	1461	+	ColRNAI_1	19-128/130	..======/======	4/4	83.08	87.50	plasmidfinder	DQ298019	ColRNAI_1__DQ298019	
